{
	"credit": "Made with Blockbench",
	"texture_size": [64, 64],
	"textures": {
		"0": "minecraft:item/alarm",
		"particle": "minecraft:item/alarm"
	},
	"elements": [
		{
			"from": [2, 0, 8],
			"to": [14, 16, 9],
			"rotation": {"angle": 0, "axis": "y", "origin": [7, 0, 7]},
			"faces": {
				"north": {"uv": [0, 0, 3, 4], "texture": "#0"},
				"east": {"uv": [3, 6.25, 3.25, 10.25], "texture": "#0"},
				"south": {"uv": [3, 0, 6, 4], "texture": "#0"},
				"west": {"uv": [3.25, 6.25, 3.5, 10.25], "texture": "#0"},
				"up": {"uv": [9.5, 2.75, 6.5, 2.5], "texture": "#0"},
				"down": {"uv": [9.5, 2.75, 6.5, 3], "texture": "#0"}
			}
		},
		{
			"from": [2, 0, 6.25],
			"to": [14, 3, 8],
			"rotation": {"angle": 0, "axis": "y", "origin": [7, 0, 7]},
			"faces": {
				"north": {"uv": [0, 5, 3, 5.75], "texture": "#0"},
				"east": {"uv": [7.5, 5, 7.9375, 5.75], "texture": "#0"},
				"south": {"uv": [3, 5, 6, 5.75], "texture": "#0"},
				"west": {"uv": [7.5, 5.75, 7.9375, 6.5], "texture": "#0"},
				"up": {"uv": [9, 1.9375, 6, 1.5], "texture": "#0"},
				"down": {"uv": [9, 2, 6, 2.4375], "texture": "#0"}
			}
		},
		{
			"from": [2, 2.25, 6],
			"to": [14, 3, 6.25],
			"rotation": {"angle": 0, "axis": "y", "origin": [7, 0, 5.25]},
			"faces": {
				"north": {"uv": [6.5, 4, 9.5, 4.1875], "texture": "#0"},
				"east": {"uv": [5.5, 7.25, 5.5625, 7.4375], "texture": "#0"},
				"south": {"uv": [6.5, 4.25, 9.5, 4.4375], "texture": "#0"},
				"west": {"uv": [7.5, 8.5, 7.5625, 8.6875], "texture": "#0"},
				"up": {"uv": [10.75, 7.8125, 7.75, 7.75], "texture": "#0"},
				"down": {"uv": [11, 0, 8, 0.0625], "texture": "#0"}
			}
		},
		{
			"from": [2, 0, 6],
			"to": [14, 0.75, 6.25],
			"rotation": {"angle": 0, "axis": "y", "origin": [7, -2.25, 5.25]},
			"faces": {
				"north": {"uv": [6.5, 4.5, 9.5, 4.6875], "texture": "#0"},
				"east": {"uv": [8, 8.5, 8.0625, 8.6875], "texture": "#0"},
				"south": {"uv": [6.5, 4.75, 9.5, 4.9375], "texture": "#0"},
				"west": {"uv": [8.25, 8.5, 8.3125, 8.6875], "texture": "#0"},
				"up": {"uv": [11, 0.3125, 8, 0.25], "texture": "#0"},
				"down": {"uv": [11, 0.5, 8, 0.5625], "texture": "#0"}
			}
		},
		{
			"from": [12.25, 0.75, 6],
			"to": [14, 2.25, 6.25],
			"rotation": {"angle": 0, "axis": "y", "origin": [7, -1.25, 5.25]},
			"faces": {
				"north": {"uv": [8, 0.75, 8.4375, 1.125], "texture": "#0"},
				"east": {"uv": [2.75, 8.5, 2.8125, 8.875], "texture": "#0"},
				"south": {"uv": [3.5, 8, 3.9375, 8.375], "texture": "#0"},
				"west": {"uv": [4.5, 8.5, 4.5625, 8.875], "texture": "#0"},
				"up": {"uv": [7.6875, 8.3125, 7.25, 8.25], "texture": "#0"},
				"down": {"uv": [2.6875, 8.5, 2.25, 8.5625], "texture": "#0"}
			}
		},
		{
			"from": [12, 2, 6],
			"to": [12.25, 2.25, 6.25],
			"rotation": {"angle": 0, "axis": "y", "origin": [5.25, -1.25, 5.25]},
			"faces": {
				"north": {"uv": [0.25, 8.75, 0.3125, 8.8125], "texture": "#0"},
				"east": {"uv": [0.5, 8.75, 0.5625, 8.8125], "texture": "#0"},
				"south": {"uv": [0.75, 8.75, 0.8125, 8.8125], "texture": "#0"},
				"west": {"uv": [1, 8.75, 1.0625, 8.8125], "texture": "#0"},
				"up": {"uv": [1.3125, 8.8125, 1.25, 8.75], "texture": "#0"},
				"down": {"uv": [1.5625, 8.75, 1.5, 8.8125], "texture": "#0"}
			}
		},
		{
			"from": [12, 0.75, 6],
			"to": [12.25, 1, 6.25],
			"rotation": {"angle": 0, "axis": "y", "origin": [5.25, -2.5, 5.25]},
			"faces": {
				"north": {"uv": [1.75, 8.75, 1.8125, 8.8125], "texture": "#0"},
				"east": {"uv": [2, 8.75, 2.0625, 8.8125], "texture": "#0"},
				"south": {"uv": [2.25, 8.75, 2.3125, 8.8125], "texture": "#0"},
				"west": {"uv": [2.5, 8.75, 2.5625, 8.8125], "texture": "#0"},
				"up": {"uv": [8.8125, 3.0625, 8.75, 3], "texture": "#0"},
				"down": {"uv": [8.8125, 3.25, 8.75, 3.3125], "texture": "#0"}
			}
		},
		{
			"from": [3.75, 0.75, 6],
			"to": [4, 1, 6.25],
			"rotation": {"angle": 0, "axis": "y", "origin": [-3, -2.5, 5.25]},
			"faces": {
				"north": {"uv": [3.5, 8.75, 3.5625, 8.8125], "texture": "#0"},
				"east": {"uv": [3.75, 8.75, 3.8125, 8.8125], "texture": "#0"},
				"south": {"uv": [4, 8.75, 4.0625, 8.8125], "texture": "#0"},
				"west": {"uv": [4.25, 8.75, 4.3125, 8.8125], "texture": "#0"},
				"up": {"uv": [5.3125, 8.8125, 5.25, 8.75], "texture": "#0"},
				"down": {"uv": [7.5625, 8.75, 7.5, 8.8125], "texture": "#0"}
			}
		},
		{
			"from": [3.75, 2, 6],
			"to": [4, 2.25, 6.25],
			"rotation": {"angle": 0, "axis": "y", "origin": [-3, -1.25, 5.25]},
			"faces": {
				"north": {"uv": [8, 8.75, 8.0625, 8.8125], "texture": "#0"},
				"east": {"uv": [8.25, 8.75, 8.3125, 8.8125], "texture": "#0"},
				"south": {"uv": [8.75, 8.25, 8.8125, 8.3125], "texture": "#0"},
				"west": {"uv": [8.5, 8.75, 8.5625, 8.8125], "texture": "#0"},
				"up": {"uv": [8.8125, 8.5625, 8.75, 8.5], "texture": "#0"},
				"down": {"uv": [8.8125, 8.75, 8.75, 8.8125], "texture": "#0"}
			}
		},
		{
			"from": [2, 0.75, 6],
			"to": [3.75, 2.25, 6.25],
			"rotation": {"angle": 0, "axis": "y", "origin": [-3.25, -1.25, 5.25]},
			"faces": {
				"north": {"uv": [4, 8, 4.4375, 8.375], "texture": "#0"},
				"east": {"uv": [4.75, 8.5, 4.8125, 8.875], "texture": "#0"},
				"south": {"uv": [4.5, 8, 4.9375, 8.375], "texture": "#0"},
				"west": {"uv": [7.25, 8.5, 7.3125, 8.875], "texture": "#0"},
				"up": {"uv": [3.9375, 8.5625, 3.5, 8.5], "texture": "#0"},
				"down": {"uv": [4.4375, 8.5, 4, 8.5625], "texture": "#0"}
			}
		},
		{
			"from": [2, 3, 6],
			"to": [4, 12, 8],
			"rotation": {"angle": 0, "axis": "y", "origin": [7, 0, 7]},
			"faces": {
				"north": {"uv": [6, 2.5, 6.5, 4.75], "texture": "#0"},
				"east": {"uv": [6, 4.75, 6.5, 7], "texture": "#0"},
				"south": {"uv": [0, 6.25, 0.5, 8.5], "texture": "#0"},
				"west": {"uv": [0.5, 6.25, 1, 8.5], "texture": "#0"},
				"up": {"uv": [8, 7, 7.5, 6.5], "texture": "#0"},
				"down": {"uv": [8.25, 3, 7.75, 3.5], "texture": "#0"}
			}
		},
		{
			"from": [12, 3, 6],
			"to": [14, 12, 8],
			"rotation": {"angle": 0, "axis": "y", "origin": [7, 0, 7]},
			"faces": {
				"north": {"uv": [1, 6.25, 1.5, 8.5], "texture": "#0"},
				"east": {"uv": [1.5, 6.25, 2, 8.5], "texture": "#0"},
				"south": {"uv": [2, 6.25, 2.5, 8.5], "texture": "#0"},
				"west": {"uv": [2.5, 6.25, 3, 8.5], "texture": "#0"},
				"up": {"uv": [8.25, 4, 7.75, 3.5], "texture": "#0"},
				"down": {"uv": [7.75, 7.75, 7.25, 8.25], "texture": "#0"}
			}
		},
		{
			"from": [12, 3.25, 5.75],
			"to": [12.25, 12, 6],
			"rotation": {"angle": 0, "axis": "y", "origin": [7, 0, 5]},
			"faces": {
				"north": {"uv": [5.5, 8, 5.5625, 10.1875], "texture": "#0"},
				"east": {"uv": [5.75, 8, 5.8125, 10.1875], "texture": "#0"},
				"south": {"uv": [6, 8, 6.0625, 10.1875], "texture": "#0"},
				"west": {"uv": [6.25, 8, 6.3125, 10.1875], "texture": "#0"},
				"up": {"uv": [0.0625, 9.0625, 0, 9], "texture": "#0"},
				"down": {"uv": [0.3125, 9, 0.25, 9.0625], "texture": "#0"}
			}
		},
		{
			"from": [3.75, 3.25, 5.75],
			"to": [4, 12, 6],
			"rotation": {"angle": 0, "axis": "y", "origin": [-1.25, 0, 5]},
			"faces": {
				"north": {"uv": [6.5, 8, 6.5625, 10.1875], "texture": "#0"},
				"east": {"uv": [6.75, 8, 6.8125, 10.1875], "texture": "#0"},
				"south": {"uv": [7, 8, 7.0625, 10.1875], "texture": "#0"},
				"west": {"uv": [7.75, 8, 7.8125, 10.1875], "texture": "#0"},
				"up": {"uv": [0.5625, 9.0625, 0.5, 9], "texture": "#0"},
				"down": {"uv": [0.8125, 9, 0.75, 9.0625], "texture": "#0"}
			}
		},
		{
			"from": [9.25, 3, 6],
			"to": [12, 6.75, 8],
			"rotation": {"angle": 0, "axis": "y", "origin": [5, 0, 7]},
			"faces": {
				"north": {"uv": [3.5, 6.25, 4.1875, 7.1875], "texture": "#0"},
				"east": {"uv": [7, 5, 7.5, 5.9375], "texture": "#0"},
				"south": {"uv": [4.25, 6.25, 4.9375, 7.1875], "texture": "#0"},
				"west": {"uv": [5.75, 7, 6.25, 7.9375], "texture": "#0"},
				"up": {"uv": [7.9375, 7.75, 7.25, 7.25], "texture": "#0"},
				"down": {"uv": [4.1875, 7.5, 3.5, 8], "texture": "#0"}
			}
		},
		{
			"from": [4, 3, 6],
			"to": [6.75, 6.75, 8],
			"rotation": {"angle": 0, "axis": "y", "origin": [0, 0, 7]},
			"faces": {
				"north": {"uv": [5, 6.25, 5.6875, 7.1875], "texture": "#0"},
				"east": {"uv": [7, 6, 7.5, 6.9375], "texture": "#0"},
				"south": {"uv": [6.5, 3, 7.1875, 3.9375], "texture": "#0"},
				"west": {"uv": [6.25, 7, 6.75, 7.9375], "texture": "#0"},
				"up": {"uv": [4.9375, 8, 4.25, 7.5], "texture": "#0"},
				"down": {"uv": [5.6875, 7.5, 5, 8], "texture": "#0"}
			}
		},
		{
			"from": [2, 12, 6],
			"to": [14, 16, 8],
			"rotation": {"angle": 0, "axis": "y", "origin": [7, 0, 7]},
			"faces": {
				"north": {"uv": [0, 4, 3, 5], "texture": "#0"},
				"east": {"uv": [6.5, 5, 7, 6], "texture": "#0"},
				"south": {"uv": [3, 4, 6, 5], "texture": "#0"},
				"west": {"uv": [6.5, 6, 7, 7], "texture": "#0"},
				"up": {"uv": [3, 6.25, 0, 5.75], "texture": "#0"},
				"down": {"uv": [6, 5.75, 3, 6.25], "texture": "#0"}
			}
		},
		{
			"from": [4, 12, 5.75],
			"to": [12, 12.25, 6],
			"rotation": {"angle": 0, "axis": "y", "origin": [7, 0, 5]},
			"faces": {
				"north": {"uv": [8, 1.25, 10, 1.3125], "texture": "#0"},
				"east": {"uv": [1, 9, 1.0625, 9.0625], "texture": "#0"},
				"south": {"uv": [8, 6, 10, 6.0625], "texture": "#0"},
				"west": {"uv": [1.25, 9, 1.3125, 9.0625], "texture": "#0"},
				"up": {"uv": [10, 6.3125, 8, 6.25], "texture": "#0"},
				"down": {"uv": [10, 6.5, 8, 6.5625], "texture": "#0"}
			}
		},
		{
			"from": [4, 3, 5.75],
			"to": [12, 3.25, 6],
			"rotation": {"angle": 0, "axis": "y", "origin": [7, -9, 5]},
			"faces": {
				"north": {"uv": [8, 6.75, 10, 6.8125], "texture": "#0"},
				"east": {"uv": [1.5, 9, 1.5625, 9.0625], "texture": "#0"},
				"south": {"uv": [8, 7.25, 10, 7.3125], "texture": "#0"},
				"west": {"uv": [9, 1.5, 9.0625, 1.5625], "texture": "#0"},
				"up": {"uv": [10, 7.5625, 8, 7.5], "texture": "#0"},
				"down": {"uv": [10, 8, 8, 8.0625], "texture": "#0"}
			}
		},
		{
			"from": [6.75, 3.25, 6.25],
			"to": [9.25, 3.75, 6.5],
			"rotation": {"angle": 0, "axis": "y", "origin": [7, -10, 7]},
			"faces": {
				"north": {"uv": [8.25, 3.5, 8.875, 3.625], "texture": "#0"},
				"east": {"uv": [8.5, 8.5, 8.5625, 8.625], "texture": "#0"},
				"south": {"uv": [8.25, 3.75, 8.875, 3.875], "texture": "#0"},
				"west": {"uv": [0, 8.75, 0.0625, 8.875], "texture": "#0"},
				"up": {"uv": [8.875, 5.0625, 8.25, 5], "texture": "#0"},
				"down": {"uv": [8.875, 5.25, 8.25, 5.3125], "texture": "#0"}
			}
		},
		{
			"from": [6.75, 3.75, 6.25],
			"to": [9.25, 4, 6.5],
			"rotation": {"angle": 0, "axis": "y", "origin": [7, -9.5, 7]},
			"faces": {
				"north": {"uv": [1.75, 9, 1.8125, 9.0625], "texture": "#0"},
				"east": {"uv": [9, 1.75, 9.0625, 1.8125], "texture": "#0"},
				"south": {"uv": [2, 9, 2.0625, 9.0625], "texture": "#0"},
				"west": {"uv": [9, 2, 9.0625, 2.0625], "texture": "#0"},
				"up": {"uv": [2.3125, 9.0625, 2.25, 9], "texture": "#0"},
				"down": {"uv": [9.0625, 2.25, 9, 2.3125], "texture": "#0"}
			}
		},
		{
			"from": [6.75, 3.5, 6],
			"to": [9.25, 3.75, 6.25],
			"rotation": {"angle": 0, "axis": "y", "origin": [7, -10, 6.75]},
			"faces": {
				"north": {"uv": [8.25, 5.5, 8.875, 5.5625], "texture": "#0"},
				"east": {"uv": [3.75, 9, 3.8125, 9.0625], "texture": "#0"},
				"south": {"uv": [8.25, 5.75, 8.875, 5.8125], "texture": "#0"},
				"west": {"uv": [9, 3.75, 9.0625, 3.8125], "texture": "#0"},
				"up": {"uv": [8.625, 8.3125, 8, 8.25], "texture": "#0"},
				"down": {"uv": [0.625, 8.5, 0, 8.5625], "texture": "#0"}
			}
		},
		{
			"from": [6.75, 3.5, 6.5],
			"to": [9.25, 3.75, 6.75],
			"rotation": {"angle": 0, "axis": "y", "origin": [7, -10, 7.25]},
			"faces": {
				"north": {"uv": [0.75, 8.5, 1.375, 8.5625], "texture": "#0"},
				"east": {"uv": [4, 9, 4.0625, 9.0625], "texture": "#0"},
				"south": {"uv": [8.5, 0.75, 9.125, 0.8125], "texture": "#0"},
				"west": {"uv": [4.25, 9, 4.3125, 9.0625], "texture": "#0"},
				"up": {"uv": [9.125, 1.0625, 8.5, 1], "texture": "#0"},
				"down": {"uv": [2.125, 8.5, 1.5, 8.5625], "texture": "#0"}
			}
		},
		{
			"from": [7, 6, 6],
			"to": [9, 7, 6.75],
			"rotation": {"angle": 0, "axis": "y", "origin": [7, -9, 7]},
			"faces": {
				"north": {"uv": [6.75, 7, 7.25, 7.8125], "texture": "#0"},
				"east": {"uv": [5, 8, 5.1875, 8.8125], "texture": "#0"},
				"south": {"uv": [7.25, 3, 7.75, 3.8125], "texture": "#0"},
				"west": {"uv": [8, 5, 8.1875, 5.8125], "texture": "#0"},
				"up": {"uv": [8.75, 3.1875, 8.25, 3], "texture": "#0"},
				"down": {"uv": [8.75, 3.25, 8.25, 3.4375], "texture": "#0"}
			}
		},
		{
			"from": [7, 4, 6.25],
			"to": [9, 6, 6.75],
			"rotation": {"angle": 0, "axis": "y", "origin": [7, -10.75, 7]},
			"faces": {
				"north": {"uv": [6.75, 7, 7.25, 7.8125], "texture": "#0"},
				"east": {"uv": [5, 8, 5.1875, 8.8125], "texture": "#0"},
				"south": {"uv": [7.25, 3, 7.75, 3.8125], "texture": "#0"},
				"west": {"uv": [8, 5, 8.1875, 5.8125], "texture": "#0"},
				"up": {"uv": [8.75, 3.1875, 8.25, 3], "texture": "#0"},
				"down": {"uv": [8.75, 3.25, 8.25, 3.4375], "texture": "#0"}
			}
		},
		{
			"from": [4.25, 7, 6],
			"to": [11.75, 10, 6.75],
			"rotation": {"angle": 0, "axis": "y", "origin": [7, -6, 7]},
			"faces": {
				"north": {"uv": [6, 0, 7.875, 0.75], "texture": "#0"},
				"east": {"uv": [5.75, 6.25, 5.9375, 7], "texture": "#0"},
				"south": {"uv": [6, 0.75, 7.875, 1.5], "texture": "#0"},
				"west": {"uv": [5.25, 8, 5.4375, 8.75], "texture": "#0"},
				"up": {"uv": [5.375, 7.4375, 3.5, 7.25], "texture": "#0"},
				"down": {"uv": [9.125, 7, 7.25, 7.1875], "texture": "#0"}
			}
		}
	],
	"gui_light": "front",
	"display": {
		"thirdperson_righthand": {
			"rotation": [0, 180, 0],
			"translation": [0, 0, -0.5],
			"scale": [0.2, 0.2, 0.2]
		},
		"thirdperson_lefthand": {
			"rotation": [0, 180, 0],
			"translation": [0, 1, -0.5],
			"scale": [0.2, 0.2, 0.2]
		},
		"firstperson_righthand": {
			"rotation": [0, 45, 0],
			"scale": [0.4, 0.4, 0.4]
		},
		"ground": {
			"translation": [0, 1.5, 0],
			"scale": [0.31, 0.31, 0.31]
		},
		"gui": {
			"rotation": [0, 180, 0],
			"scale": [0.9, 0.9, 0.9]
		},
		"head": {
			"translation": [0, 0, -9.5]
		},
		"fixed": {
			"translation": [0, 0, -0.25]
		}
	},
	"groups": [
		{
			"name": "Base",
			"origin": [7, -9, 5],
			"color": 0,
			"children": [0, 1, 2, 3, 4, 5, 6, 7, 8, 9, 10, 11, 12, 13, 14, 15, 16, 17, 18]
		},
		{
			"name": "Handle",
			"origin": [7, -6, 7.25],
			"color": 0,
			"children": [19, 20, 21, 22, 23, 24, 25]
		}
	]
}