{
	"credit": "Made with Blockbench",
	"texture_size": [32, 32],
	"textures": {
		"0": "minecraft:item/cl4button",
		"particle": "minecraft:item/cl4button"
	},
	"elements": [
		{
			"from": [5, 0, 7],
			"to": [11, 4, 9],
			"rotation": {"angle": 0, "axis": "y", "origin": [7, 0, 7]},
			"faces": {
				"north": {"uv": [1, 1, 4, 3], "texture": "#0"},
				"east": {"uv": [0, 1, 1, 3], "texture": "#0"},
				"south": {"uv": [5, 1, 8, 3], "texture": "#0"},
				"west": {"uv": [4, 1, 5, 3], "texture": "#0"},
				"up": {"uv": [4, 1, 1, 0], "texture": "#0"},
				"down": {"uv": [7, 0, 4, 1], "texture": "#0"}
			}
		},
		{
			"from": [7, 1, 6.5],
			"to": [9, 3, 7.5],
			"rotation": {"angle": 0, "axis": "y", "origin": [9, 0, 8.5]},
			"faces": {
				"north": {"uv": [6.5, 3.5, 7.5, 4.5], "texture": "#0"},
				"east": {"uv": [6, 3.5, 6.5, 4.5], "texture": "#0"},
				"south": {"uv": [8, 3.5, 9, 4.5], "texture": "#0"},
				"west": {"uv": [7.5, 3.5, 8, 4.5], "texture": "#0"},
				"up": {"uv": [7.5, 3.5, 6.5, 3], "texture": "#0"},
				"down": {"uv": [8.5, 3, 7.5, 3.5], "texture": "#0"}
			}
		},
		{
			"from": [6, 6, 7],
			"to": [10, 7, 9],
			"rotation": {"angle": 0, "axis": "y", "origin": [7, 6, 7]},
			"faces": {
				"north": {"uv": [1, 4, 3, 4.5], "texture": "#0"},
				"east": {"uv": [0, 4, 1, 4.5], "texture": "#0"},
				"south": {"uv": [4, 4, 6, 4.5], "texture": "#0"},
				"west": {"uv": [3, 4, 4, 4.5], "texture": "#0"},
				"up": {"uv": [3, 4, 1, 3], "texture": "#0"},
				"down": {"uv": [5, 3, 3, 4], "texture": "#0"}
			}
		},
		{
			"from": [6, 4, 7.2],
			"to": [10, 6, 9],
			"rotation": {"angle": 0, "axis": "y", "origin": [9, 4, 9.2]},
			"faces": {
				"north": {"uv": [0.5, 5, 2.5, 6], "texture": "#0"},
				"east": {"uv": [0, 5, 0.5, 6], "texture": "#0"},
				"south": {"uv": [3, 5, 5, 6], "texture": "#0"},
				"west": {"uv": [2.5, 5, 3, 6], "texture": "#0"},
				"up": {"uv": [2.5, 5, 0.5, 4.5], "texture": "#0"},
				"down": {"uv": [4.5, 4.5, 2.5, 5], "texture": "#0"}
			}
		},
		{
			"from": [10, 4, 7],
			"to": [11, 7, 9],
			"rotation": {"angle": 0, "axis": "y", "origin": [7, 4, 7]},
			"faces": {
				"north": {"uv": [6, 5.5, 6.5, 7], "texture": "#0"},
				"east": {"uv": [5, 5.5, 6, 7], "texture": "#0"},
				"south": {"uv": [7.5, 5.5, 8, 7], "texture": "#0"},
				"west": {"uv": [6.5, 5.5, 7.5, 7], "texture": "#0"},
				"up": {"uv": [6.5, 5.5, 6, 4.5], "texture": "#0"},
				"down": {"uv": [7, 4.5, 6.5, 5.5], "texture": "#0"}
			}
		},
		{
			"from": [5, 4, 7],
			"to": [6, 7, 9],
			"rotation": {"angle": 0, "axis": "y", "origin": [2, 4, 7]},
			"faces": {
				"north": {"uv": [1, 7, 1.5, 8.5], "texture": "#0"},
				"east": {"uv": [0, 7, 1, 8.5], "texture": "#0"},
				"south": {"uv": [2.5, 7, 3, 8.5], "texture": "#0"},
				"west": {"uv": [1.5, 7, 2.5, 8.5], "texture": "#0"},
				"up": {"uv": [1.5, 7, 1, 6], "texture": "#0"},
				"down": {"uv": [2, 6, 1.5, 7], "texture": "#0"}
			}
		}
	],
	"display": {
		"thirdperson_righthand": {
			"rotation": [0, 180, 0],
			"translation": [0, 4, 0.5],
			"scale": [0.5, 0.5, 0.5]
		},
		"thirdperson_lefthand": {
			"rotation": [0, 180, 0],
			"translation": [0, 4, 0.5],
			"scale": [0.5, 0.5, 0.5]
		},
		"firstperson_righthand": {
			"rotation": [0, 180, 0],
			"translation": [0, 8.5, 0]
		},
		"firstperson_lefthand": {
			"rotation": [0, 180, 0],
			"translation": [0, 8.5, 0]
		},
		"ground": {
			"translation": [0, 6, 0]
		},
		"gui": {
			"rotation": [0, 180, 0],
			"translation": [0, 8.75, 0],
			"scale": [1.94, 1.94, 1.94]
		},
		"head": {
			"rotation": [0, 180, 0],
			"translation": [0, 4.75, 5.75]
		},
		"fixed": {
			"translation": [0, 40.5, 0],
			"scale": [2, 2, 2]
		}
	}
}