{
	"credit": "Made with Blockbench",
	"texture_size": [64, 64],
	"textures": {
		"1": "minecraft:block/door_bottom"
	},
	"elements": [
		{
			"from": [0, 0, 7],
			"to": [12, 7, 9],
			"rotation": {"angle": 0, "axis": "y", "origin": [7, 17, 8]},
			"faces": {
				"north": {"uv": [2, 0, 5, 1.75], "texture": "#1"},
				"east": {"uv": [5, 1.5, 5.5, 3.25], "texture": "#1"},
				"south": {"uv": [2, 1.75, 5, 3.5], "texture": "#1"},
				"west": {"uv": [5.25, 4.5, 5.75, 6.25], "texture": "#1"},
				"up": {"uv": [6, 4, 3, 3.5], "texture": "#1"},
				"down": {"uv": [6, 4, 3, 4.5], "texture": "#1"}
			}
		},
		{
			"from": [0, 7, 7],
			"to": [4, 32, 9],
			"rotation": {"angle": 0, "axis": "y", "origin": [7, 17, 8]},
			"faces": {
				"north": {"uv": [0, 0, 1, 6.25], "texture": "#1"},
				"east": {"uv": [2, 3.5, 2.5, 9.75], "texture": "#1"},
				"south": {"uv": [1, 0, 2, 6.25], "texture": "#1"},
				"west": {"uv": [2.5, 3.5, 3, 9.75], "texture": "#1"},
				"up": {"uv": [7.5, 7, 6.5, 6.5], "texture": "#1"},
				"down": {"uv": [1, 6.75, 0, 7.25], "texture": "#1"}
			}
		},
		{
			"from": [4, 7, 7],
			"to": [12, 8, 9],
			"rotation": {"angle": 0, "axis": "y", "origin": [7, 17, 8]},
			"faces": {
				"north": {"uv": [7, 0, 9, 0.25], "texture": "#1"},
				"east": {"uv": [5, 3.25, 5.5, 3.5], "texture": "#1"},
				"south": {"uv": [7, 0.25, 9, 0.5], "texture": "#1"},
				"west": {"uv": [5.25, 6.25, 5.75, 6.5], "texture": "#1"},
				"up": {"uv": [5, 5, 3, 4.5], "texture": "#1"},
				"down": {"uv": [7, 0, 5, 0.5], "texture": "#1"}
			}
		},
		{
			"from": [4, 8, 7],
			"to": [12, 9, 9],
			"rotation": {"angle": 0, "axis": "y", "origin": [7, 17, 8]},
			"faces": {
				"north": {"uv": [7, 0.5, 9, 0.75], "texture": "#1"},
				"east": {"uv": [0.75, 8.25, 1.25, 8.5], "texture": "#1"},
				"south": {"uv": [7, 0.75, 9, 1], "texture": "#1"},
				"west": {"uv": [8, 8.25, 8.5, 8.5], "texture": "#1"},
				"up": {"uv": [7, 1, 5, 0.5], "texture": "#1"},
				"down": {"uv": [7, 1, 5, 1.5], "texture": "#1"}
			}
		},
		{
			"from": [4, 9, 7],
			"to": [11, 10, 9],
			"rotation": {"angle": 0, "axis": "y", "origin": [7, 17, 8]},
			"faces": {
				"north": {"uv": [6.25, 7, 8, 7.25], "texture": "#1"},
				"east": {"uv": [0, 8.5, 0.5, 8.75], "texture": "#1"},
				"south": {"uv": [0, 7.25, 1.75, 7.5], "texture": "#1"},
				"west": {"uv": [0.5, 8.5, 1, 8.75], "texture": "#1"},
				"up": {"uv": [7.25, 2, 5.5, 1.5], "texture": "#1"},
				"down": {"uv": [7.25, 2, 5.5, 2.5], "texture": "#1"}
			}
		},
		{
			"from": [4, 10, 7],
			"to": [11, 11, 9],
			"rotation": {"angle": 0, "axis": "y", "origin": [7, 17, 8]},
			"faces": {
				"north": {"uv": [7.25, 1.5, 9, 1.75], "texture": "#1"},
				"east": {"uv": [8.5, 4, 9, 4.25], "texture": "#1"},
				"south": {"uv": [7.25, 1.75, 9, 2], "texture": "#1"},
				"west": {"uv": [8.5, 4.25, 9, 4.5], "texture": "#1"},
				"up": {"uv": [7.25, 3, 5.5, 2.5], "texture": "#1"},
				"down": {"uv": [7.25, 3, 5.5, 3.5], "texture": "#1"}
			}
		},
		{
			"from": [4, 11, 7],
			"to": [10, 12, 9],
			"rotation": {"angle": 0, "axis": "y", "origin": [7, 17, 8]},
			"faces": {
				"north": {"uv": [7.25, 2, 8.75, 2.25], "texture": "#1"},
				"east": {"uv": [8.5, 4.5, 9, 4.75], "texture": "#1"},
				"south": {"uv": [7.25, 2.25, 8.75, 2.5], "texture": "#1"},
				"west": {"uv": [8.5, 4.75, 9, 5], "texture": "#1"},
				"up": {"uv": [7.25, 5, 5.75, 4.5], "texture": "#1"},
				"down": {"uv": [7.25, 5, 5.75, 5.5], "texture": "#1"}
			}
		},
		{
			"from": [4, 12, 7],
			"to": [10, 13, 9],
			"rotation": {"angle": 0, "axis": "y", "origin": [7, 17, 8]},
			"faces": {
				"north": {"uv": [7.25, 2.5, 8.75, 2.75], "texture": "#1"},
				"east": {"uv": [8.5, 6, 9, 6.25], "texture": "#1"},
				"south": {"uv": [7.25, 2.75, 8.75, 3], "texture": "#1"},
				"west": {"uv": [8.5, 6.25, 9, 6.5], "texture": "#1"},
				"up": {"uv": [7.25, 6, 5.75, 5.5], "texture": "#1"},
				"down": {"uv": [7.5, 3.5, 6, 4], "texture": "#1"}
			}
		},
		{
			"from": [4, 13, 7],
			"to": [9, 14, 9],
			"rotation": {"angle": 0, "axis": "y", "origin": [7, 17, 8]},
			"faces": {
				"north": {"uv": [0, 7.5, 1.25, 7.75], "texture": "#1"},
				"east": {"uv": [8.5, 7.5, 9, 7.75], "texture": "#1"},
				"south": {"uv": [7.5, 6.5, 8.75, 6.75], "texture": "#1"},
				"west": {"uv": [8.5, 7.75, 9, 8], "texture": "#1"},
				"up": {"uv": [7.25, 4.5, 6, 4], "texture": "#1"},
				"down": {"uv": [7, 6, 5.75, 6.5], "texture": "#1"}
			}
		},
		{
			"from": [4, 14, 7],
			"to": [9, 15, 9],
			"rotation": {"angle": 0, "axis": "y", "origin": [7, 17, 8]},
			"faces": {
				"north": {"uv": [7.5, 6.75, 8.75, 7], "texture": "#1"},
				"east": {"uv": [8, 8.5, 8.5, 8.75], "texture": "#1"},
				"south": {"uv": [0, 7.75, 1.25, 8], "texture": "#1"},
				"west": {"uv": [8.5, 8.25, 9, 8.5], "texture": "#1"},
				"up": {"uv": [1.25, 6.75, 0, 6.25], "texture": "#1"},
				"down": {"uv": [6.5, 6.5, 5.25, 7], "texture": "#1"}
			}
		},
		{
			"from": [4, 15, 7],
			"to": [8, 16, 9],
			"rotation": {"angle": 0, "axis": "y", "origin": [7, 17, 8]},
			"faces": {
				"north": {"uv": [0, 8, 1, 8.25], "texture": "#1"},
				"east": {"uv": [8.5, 8.5, 9, 8.75], "texture": "#1"},
				"south": {"uv": [8, 1, 9, 1.25], "texture": "#1"},
				"west": {"uv": [0, 8.75, 0.5, 9], "texture": "#1"},
				"up": {"uv": [2, 7.25, 1, 6.75], "texture": "#1"},
				"down": {"uv": [8, 1, 7, 1.5], "texture": "#1"}
			}
		},
		{
			"from": [4, 16, 7],
			"to": [8, 17, 9],
			"rotation": {"angle": 0, "axis": "y", "origin": [7, 17, 8]},
			"faces": {
				"north": {"uv": [8, 1.25, 9, 1.5], "texture": "#1"},
				"east": {"uv": [0.5, 8.75, 1, 9], "texture": "#1"},
				"south": {"uv": [8, 3, 9, 3.25], "texture": "#1"},
				"west": {"uv": [8.75, 2, 9.25, 2.25], "texture": "#1"},
				"up": {"uv": [6.25, 7.5, 5.25, 7], "texture": "#1"},
				"down": {"uv": [8, 6, 7, 6.5], "texture": "#1"}
			}
		},
		{
			"from": [4, 17, 7],
			"to": [7, 18, 9],
			"rotation": {"angle": 0, "axis": "y", "origin": [7, 17, 8]},
			"faces": {
				"north": {"uv": [8, 3.25, 8.75, 3.5], "texture": "#1"},
				"east": {"uv": [8.75, 2.25, 9.25, 2.5], "texture": "#1"},
				"south": {"uv": [8, 7, 8.75, 7.25], "texture": "#1"},
				"west": {"uv": [8.75, 2.5, 9.25, 2.75], "texture": "#1"},
				"up": {"uv": [2, 6.75, 1.25, 6.25], "texture": "#1"},
				"down": {"uv": [8, 3, 7.25, 3.5], "texture": "#1"}
			}
		},
		{
			"from": [4, 18, 7],
			"to": [7, 19, 9],
			"rotation": {"angle": 0, "axis": "y", "origin": [7, 17, 8]},
			"faces": {
				"north": {"uv": [8, 8, 8.75, 8.25], "texture": "#1"},
				"east": {"uv": [8.75, 2.75, 9.25, 3], "texture": "#1"},
				"south": {"uv": [0, 8.25, 0.75, 8.5], "texture": "#1"},
				"west": {"uv": [8.75, 3.25, 9.25, 3.5], "texture": "#1"},
				"up": {"uv": [8, 4.5, 7.25, 4], "texture": "#1"},
				"down": {"uv": [8, 4.5, 7.25, 5], "texture": "#1"}
			}
		},
		{
			"from": [4, 19, 7],
			"to": [6, 20, 9],
			"rotation": {"angle": 0, "axis": "y", "origin": [7, 17, 8]},
			"faces": {
				"north": {"uv": [8.75, 6.5, 9.25, 6.75], "texture": "#1"},
				"east": {"uv": [8.75, 6.75, 9.25, 7], "texture": "#1"},
				"south": {"uv": [8.75, 7, 9.25, 7.25], "texture": "#1"},
				"west": {"uv": [8, 8.75, 8.5, 9], "texture": "#1"},
				"up": {"uv": [8.5, 4.5, 8, 4], "texture": "#1"},
				"down": {"uv": [8.5, 4.5, 8, 5], "texture": "#1"}
			}
		},
		{
			"from": [4, 21, 7],
			"to": [5, 22, 9],
			"rotation": {"angle": 0, "axis": "y", "origin": [7, 17, 8]},
			"faces": {
				"north": {"uv": [1, 8, 1.25, 8.25], "texture": "#1"},
				"east": {"uv": [8.75, 8, 9.25, 8.25], "texture": "#1"},
				"south": {"uv": [1, 9, 1.25, 9.25], "texture": "#1"},
				"west": {"uv": [8.5, 8.75, 9, 9], "texture": "#1"},
				"up": {"uv": [1.25, 9, 1, 8.5], "texture": "#1"},
				"down": {"uv": [0.25, 9, 0, 9.5], "texture": "#1"}
			}
		},
		{
			"from": [4, 22, 7],
			"to": [5, 23, 9],
			"rotation": {"angle": 0, "axis": "y", "origin": [7, 17, 8]},
			"faces": {
				"north": {"uv": [9, 7.25, 9.25, 7.5], "texture": "#1"},
				"east": {"uv": [9, 0, 9.5, 0.25], "texture": "#1"},
				"south": {"uv": [9, 7.5, 9.25, 7.75], "texture": "#1"},
				"west": {"uv": [0.25, 9, 0.75, 9.25], "texture": "#1"},
				"up": {"uv": [9.25, 0.75, 9, 0.25], "texture": "#1"},
				"down": {"uv": [1, 9, 0.75, 9.5], "texture": "#1"}
			}
		},
		{
			"from": [4, 20, 7],
			"to": [6, 21, 9],
			"rotation": {"angle": 0, "axis": "y", "origin": [7, 17, 8]},
			"faces": {
				"north": {"uv": [9, 0.75, 9.5, 1], "texture": "#1"},
				"east": {"uv": [9, 1, 9.5, 1.25], "texture": "#1"},
				"south": {"uv": [9, 1.25, 9.5, 1.5], "texture": "#1"},
				"west": {"uv": [9, 1.5, 9.5, 1.75], "texture": "#1"},
				"up": {"uv": [8.5, 6.5, 8, 6], "texture": "#1"},
				"down": {"uv": [8.5, 7.5, 8, 8], "texture": "#1"}
			}
		},
		{
			"from": [0.5, 31.5, 9],
			"to": [4, 32, 9.5],
			"rotation": {"angle": 0, "axis": "y", "origin": [7, 16.75, 8]},
			"faces": {
				"north": {"uv": [9, 1.75, 9.875, 1.875], "texture": "#1"},
				"east": {"uv": [8.25, 10, 8.375, 10.125], "texture": "#1"},
				"south": {"uv": [9, 3, 9.875, 3.125], "texture": "#1"},
				"west": {"uv": [10, 8.25, 10.125, 8.375], "texture": "#1"},
				"up": {"uv": [9.875, 4.125, 9, 4], "texture": "#1"},
				"down": {"uv": [9.875, 4.25, 9, 4.375], "texture": "#1"}
			}
		},
		{
			"from": [0.5, 0, 9],
			"to": [11.5, 0.5, 9.5],
			"rotation": {"angle": 0, "axis": "y", "origin": [7, 17, 8]},
			"faces": {
				"north": {"uv": [7.25, 5, 10, 5.125], "texture": "#1"},
				"east": {"uv": [8.5, 10, 8.625, 10.125], "texture": "#1"},
				"south": {"uv": [7.25, 5.25, 10, 5.375], "texture": "#1"},
				"west": {"uv": [10, 8.5, 10.125, 8.625], "texture": "#1"},
				"up": {"uv": [10, 5.625, 7.25, 5.5], "texture": "#1"},
				"down": {"uv": [10, 5.75, 7.25, 5.875], "texture": "#1"}
			}
		},
		{
			"from": [11.5, 0, 9],
			"to": [12, 9, 9.5],
			"rotation": {"angle": 0, "axis": "y", "origin": [7, 17, 8]},
			"faces": {
				"north": {"uv": [4.75, 5, 4.875, 7.25], "texture": "#1"},
				"east": {"uv": [1.75, 7.25, 1.875, 9.5], "texture": "#1"},
				"south": {"uv": [4.75, 7.25, 4.875, 9.5], "texture": "#1"},
				"west": {"uv": [1.25, 7.5, 1.375, 9.75], "texture": "#1"},
				"up": {"uv": [8.875, 10.125, 8.75, 10], "texture": "#1"},
				"down": {"uv": [10.125, 8.75, 10, 8.875], "texture": "#1"}
			}
		},
		{
			"from": [10.5, 9, 9],
			"to": [11, 11, 9.5],
			"rotation": {"angle": 0, "axis": "y", "origin": [7, 17, 8]},
			"faces": {
				"north": {"uv": [8, 9, 8.125, 9.5], "texture": "#1"},
				"east": {"uv": [8.25, 9, 8.375, 9.5], "texture": "#1"},
				"south": {"uv": [9, 8.25, 9.125, 8.75], "texture": "#1"},
				"west": {"uv": [8.5, 9, 8.625, 9.5], "texture": "#1"},
				"up": {"uv": [9.125, 10.125, 9, 10], "texture": "#1"},
				"down": {"uv": [10.125, 9, 10, 9.125], "texture": "#1"}
			}
		},
		{
			"from": [9.5, 10.5, 9],
			"to": [10.5, 11, 9.5],
			"rotation": {"angle": 0, "axis": "y", "origin": [7, 17, 8]},
			"faces": {
				"north": {"uv": [9, 7.75, 9.25, 7.875], "texture": "#1"},
				"east": {"uv": [9.25, 10, 9.375, 10.125], "texture": "#1"},
				"south": {"uv": [9.25, 3.25, 9.5, 3.375], "texture": "#1"},
				"west": {"uv": [10, 9.25, 10.125, 9.375], "texture": "#1"},
				"up": {"uv": [9.75, 1.625, 9.5, 1.5], "texture": "#1"},
				"down": {"uv": [9.75, 3.25, 9.5, 3.375], "texture": "#1"}
			}
		},
		{
			"from": [8.5, 12.5, 9],
			"to": [9.5, 13, 9.5],
			"rotation": {"angle": 0, "axis": "y", "origin": [7, 17, 8]},
			"faces": {
				"north": {"uv": [9.75, 1.5, 10, 1.625], "texture": "#1"},
				"east": {"uv": [9.5, 10, 9.625, 10.125], "texture": "#1"},
				"south": {"uv": [9.75, 3.25, 10, 3.375], "texture": "#1"},
				"west": {"uv": [10, 9.5, 10.125, 9.625], "texture": "#1"},
				"up": {"uv": [10, 7.625, 9.75, 7.5], "texture": "#1"},
				"down": {"uv": [10, 7.75, 9.75, 7.875], "texture": "#1"}
			}
		},
		{
			"from": [7.5, 14.5, 9],
			"to": [8.5, 15, 9.5],
			"rotation": {"angle": 0, "axis": "y", "origin": [7, 17, 8]},
			"faces": {
				"north": {"uv": [9.75, 8, 10, 8.125], "texture": "#1"},
				"east": {"uv": [9.75, 10, 9.875, 10.125], "texture": "#1"},
				"south": {"uv": [9.75, 8.25, 10, 8.375], "texture": "#1"},
				"west": {"uv": [10, 9.75, 10.125, 9.875], "texture": "#1"},
				"up": {"uv": [10, 8.625, 9.75, 8.5], "texture": "#1"},
				"down": {"uv": [10, 8.75, 9.75, 8.875], "texture": "#1"}
			}
		},
		{
			"from": [6.5, 16.5, 9],
			"to": [7.5, 17, 9.5],
			"rotation": {"angle": 0, "axis": "y", "origin": [7, 17, 8]},
			"faces": {
				"north": {"uv": [9, 9.75, 9.25, 9.875], "texture": "#1"},
				"east": {"uv": [10, 10, 10.125, 10.125], "texture": "#1"},
				"south": {"uv": [9.75, 9, 10, 9.125], "texture": "#1"},
				"west": {"uv": [0, 10.25, 0.125, 10.375], "texture": "#1"},
				"up": {"uv": [10, 9.375, 9.75, 9.25], "texture": "#1"},
				"down": {"uv": [10, 9.5, 9.75, 9.625], "texture": "#1"}
			}
		},
		{
			"from": [5.5, 18.5, 9],
			"to": [6.5, 19, 9.5],
			"rotation": {"angle": 0, "axis": "y", "origin": [7, 17, 8]},
			"faces": {
				"north": {"uv": [9.75, 9.75, 10, 9.875], "texture": "#1"},
				"east": {"uv": [10.25, 0, 10.375, 0.125], "texture": "#1"},
				"south": {"uv": [0, 10, 0.25, 10.125], "texture": "#1"},
				"west": {"uv": [0.25, 10.25, 0.375, 10.375], "texture": "#1"},
				"up": {"uv": [10.25, 0.125, 10, 0], "texture": "#1"},
				"down": {"uv": [10.25, 0.25, 10, 0.375], "texture": "#1"}
			}
		},
		{
			"from": [4.5, 20.5, 9],
			"to": [5.5, 21, 9.5],
			"rotation": {"angle": 0, "axis": "y", "origin": [7, 17, 8]},
			"faces": {
				"north": {"uv": [10, 0.5, 10.25, 0.625], "texture": "#1"},
				"east": {"uv": [10.25, 0.25, 10.375, 0.375], "texture": "#1"},
				"south": {"uv": [0.75, 10, 1, 10.125], "texture": "#1"},
				"west": {"uv": [0.5, 10.25, 0.625, 10.375], "texture": "#1"},
				"up": {"uv": [10.25, 0.875, 10, 0.75], "texture": "#1"},
				"down": {"uv": [10.25, 1, 10, 1.125], "texture": "#1"}
			}
		},
		{
			"from": [3.5, 22.5, 9],
			"to": [4.5, 23, 9.5],
			"rotation": {"angle": 0, "axis": "y", "origin": [7, 17, 8]},
			"faces": {
				"north": {"uv": [10, 1.25, 10.25, 1.375], "texture": "#1"},
				"east": {"uv": [10.25, 0.5, 10.375, 0.625], "texture": "#1"},
				"south": {"uv": [10, 1.5, 10.25, 1.625], "texture": "#1"},
				"west": {"uv": [0.75, 10.25, 0.875, 10.375], "texture": "#1"},
				"up": {"uv": [2, 10.125, 1.75, 10], "texture": "#1"},
				"down": {"uv": [10.25, 1.75, 10, 1.875], "texture": "#1"}
			}
		},
		{
			"from": [10.5, 8.5, 9],
			"to": [11.5, 9, 9.5],
			"rotation": {"angle": 0, "axis": "y", "origin": [7, 17, 8]},
			"faces": {
				"north": {"uv": [10, 2, 10.25, 2.125], "texture": "#1"},
				"east": {"uv": [10.25, 0.75, 10.375, 0.875], "texture": "#1"},
				"south": {"uv": [10, 2.25, 10.25, 2.375], "texture": "#1"},
				"west": {"uv": [1, 10.25, 1.125, 10.375], "texture": "#1"},
				"up": {"uv": [10.25, 2.625, 10, 2.5], "texture": "#1"},
				"down": {"uv": [10.25, 2.75, 10, 2.875], "texture": "#1"}
			}
		},
		{
			"from": [9.5, 11, 9],
			"to": [10, 13, 9.5],
			"rotation": {"angle": 0, "axis": "y", "origin": [7, 17, 8]},
			"faces": {
				"north": {"uv": [8.75, 9, 8.875, 9.5], "texture": "#1"},
				"east": {"uv": [9, 8.75, 9.125, 9.25], "texture": "#1"},
				"south": {"uv": [0.25, 9.25, 0.375, 9.75], "texture": "#1"},
				"west": {"uv": [9.25, 0.25, 9.375, 0.75], "texture": "#1"},
				"up": {"uv": [10.375, 1.125, 10.25, 1], "texture": "#1"},
				"down": {"uv": [1.375, 10.25, 1.25, 10.375], "texture": "#1"}
			}
		},
		{
			"from": [8.5, 13, 9],
			"to": [9, 15, 9.5],
			"rotation": {"angle": 0, "axis": "y", "origin": [7, 17, 8]},
			"faces": {
				"north": {"uv": [0.5, 9.25, 0.625, 9.75], "texture": "#1"},
				"east": {"uv": [1, 9.25, 1.125, 9.75], "texture": "#1"},
				"south": {"uv": [9.25, 2, 9.375, 2.5], "texture": "#1"},
				"west": {"uv": [9.25, 2.5, 9.375, 3], "texture": "#1"},
				"up": {"uv": [10.375, 1.375, 10.25, 1.25], "texture": "#1"},
				"down": {"uv": [1.625, 10.25, 1.5, 10.375], "texture": "#1"}
			}
		},
		{
			"from": [7.5, 15, 9],
			"to": [8, 17, 9.5],
			"rotation": {"angle": 0, "axis": "y", "origin": [7, 17, 8]},
			"faces": {
				"north": {"uv": [9.25, 6.5, 9.375, 7], "texture": "#1"},
				"east": {"uv": [9.25, 7, 9.375, 7.5], "texture": "#1"},
				"south": {"uv": [9.25, 7.5, 9.375, 8], "texture": "#1"},
				"west": {"uv": [9.25, 8, 9.375, 8.5], "texture": "#1"},
				"up": {"uv": [10.375, 1.625, 10.25, 1.5], "texture": "#1"},
				"down": {"uv": [1.875, 10.25, 1.75, 10.375], "texture": "#1"}
			}
		},
		{
			"from": [6.5, 17, 9],
			"to": [7, 19, 9.5],
			"rotation": {"angle": 0, "axis": "y", "origin": [7, 17, 8]},
			"faces": {
				"north": {"uv": [9.25, 8.5, 9.375, 9], "texture": "#1"},
				"east": {"uv": [9, 9.25, 9.125, 9.75], "texture": "#1"},
				"south": {"uv": [9.25, 9, 9.375, 9.5], "texture": "#1"},
				"west": {"uv": [0, 9.5, 0.125, 10], "texture": "#1"},
				"up": {"uv": [10.375, 1.875, 10.25, 1.75], "texture": "#1"},
				"down": {"uv": [2.125, 10.25, 2, 10.375], "texture": "#1"}
			}
		},
		{
			"from": [5.5, 19, 9],
			"to": [6, 21, 9.5],
			"rotation": {"angle": 0, "axis": "y", "origin": [7, 17, 8]},
			"faces": {
				"north": {"uv": [9.5, 0, 9.625, 0.5], "texture": "#1"},
				"east": {"uv": [9.5, 0.5, 9.625, 1], "texture": "#1"},
				"south": {"uv": [0.75, 9.5, 0.875, 10], "texture": "#1"},
				"west": {"uv": [9.5, 1, 9.625, 1.5], "texture": "#1"},
				"up": {"uv": [10.375, 2.125, 10.25, 2], "texture": "#1"},
				"down": {"uv": [2.375, 10.25, 2.25, 10.375], "texture": "#1"}
			}
		},
		{
			"from": [4.5, 21, 9],
			"to": [5, 23, 9.5],
			"rotation": {"angle": 0, "axis": "y", "origin": [7, 17, 8]},
			"faces": {
				"north": {"uv": [1.75, 9.5, 1.875, 10], "texture": "#1"},
				"east": {"uv": [9.5, 2, 9.625, 2.5], "texture": "#1"},
				"south": {"uv": [9.5, 2.5, 9.625, 3], "texture": "#1"},
				"west": {"uv": [4.75, 9.5, 4.875, 10], "texture": "#1"},
				"up": {"uv": [10.375, 2.375, 10.25, 2.25], "texture": "#1"},
				"down": {"uv": [2.625, 10.25, 2.5, 10.375], "texture": "#1"}
			}
		},
		{
			"from": [3.5, 23, 9],
			"to": [4, 31.5, 9.5],
			"rotation": {"angle": 0, "axis": "y", "origin": [7, 17, 8]},
			"faces": {
				"north": {"uv": [7, 7.75, 7.125, 9.875], "texture": "#1"},
				"east": {"uv": [7.25, 7.75, 7.375, 9.875], "texture": "#1"},
				"south": {"uv": [7.5, 7.75, 7.625, 9.875], "texture": "#1"},
				"west": {"uv": [7.75, 7.75, 7.875, 9.875], "texture": "#1"},
				"up": {"uv": [10.375, 2.625, 10.25, 2.5], "texture": "#1"},
				"down": {"uv": [2.875, 10.25, 2.75, 10.375], "texture": "#1"}
			}
		},
		{
			"from": [0, 0, 9],
			"to": [0.5, 32, 9.5],
			"rotation": {"angle": 0, "axis": "y", "origin": [7, 17, 8]},
			"faces": {
				"north": {"uv": [3, 5, 3.125, 13], "texture": "#1"},
				"east": {"uv": [3.25, 5, 3.375, 13], "texture": "#1"},
				"south": {"uv": [3.5, 5, 3.625, 13], "texture": "#1"},
				"west": {"uv": [3.75, 5, 3.875, 13], "texture": "#1"},
				"up": {"uv": [10.375, 2.875, 10.25, 2.75], "texture": "#1"},
				"down": {"uv": [10.375, 3, 10.25, 3.125], "texture": "#1"}
			}
		},
		{
			"from": [0.5, 31.5, 6.5],
			"to": [4, 32, 7],
			"rotation": {"angle": 0, "axis": "y", "origin": [7, 16.75, 8]},
			"faces": {
				"north": {"uv": [9, 4.5, 9.875, 4.625], "texture": "#1"},
				"east": {"uv": [10.25, 3.25, 10.375, 3.375], "texture": "#1"},
				"south": {"uv": [9, 4.75, 9.875, 4.875], "texture": "#1"},
				"west": {"uv": [10.25, 3.5, 10.375, 3.625], "texture": "#1"},
				"up": {"uv": [9.875, 6.125, 9, 6], "texture": "#1"},
				"down": {"uv": [9.875, 6.25, 9, 6.375], "texture": "#1"}
			}
		},
		{
			"from": [0.5, 0, 6.5],
			"to": [11.5, 0.5, 7],
			"rotation": {"angle": 0, "axis": "y", "origin": [7, 17, 8]},
			"faces": {
				"north": {"uv": [6.25, 7.25, 9, 7.375], "texture": "#1"},
				"east": {"uv": [10.25, 3.75, 10.375, 3.875], "texture": "#1"},
				"south": {"uv": [7.5, 3.5, 10.25, 3.625], "texture": "#1"},
				"west": {"uv": [10.25, 4, 10.375, 4.125], "texture": "#1"},
				"up": {"uv": [10.25, 3.875, 7.5, 3.75], "texture": "#1"},
				"down": {"uv": [8, 7.5, 5.25, 7.625], "texture": "#1"}
			}
		},
		{
			"from": [11.5, 0, 6.5],
			"to": [12, 9, 7],
			"rotation": {"angle": 0, "axis": "y", "origin": [7, 17, 8]},
			"faces": {
				"north": {"uv": [1.5, 7.5, 1.625, 9.75], "texture": "#1"},
				"east": {"uv": [5.25, 7.75, 5.375, 10], "texture": "#1"},
				"south": {"uv": [5.5, 7.75, 5.625, 10], "texture": "#1"},
				"west": {"uv": [5.75, 7.75, 5.875, 10], "texture": "#1"},
				"up": {"uv": [10.375, 4.375, 10.25, 4.25], "texture": "#1"},
				"down": {"uv": [10.375, 4.5, 10.25, 4.625], "texture": "#1"}
			}
		},
		{
			"from": [10.5, 9, 6.5],
			"to": [11, 11, 7],
			"rotation": {"angle": 0, "axis": "y", "origin": [7, 17, 8]},
			"faces": {
				"north": {"uv": [9.5, 6.5, 9.625, 7], "texture": "#1"},
				"east": {"uv": [9.5, 7, 9.625, 7.5], "texture": "#1"},
				"south": {"uv": [9.5, 7.5, 9.625, 8], "texture": "#1"},
				"west": {"uv": [8, 9.5, 8.125, 10], "texture": "#1"},
				"up": {"uv": [4.875, 10.375, 4.75, 10.25], "texture": "#1"},
				"down": {"uv": [10.375, 4.75, 10.25, 4.875], "texture": "#1"}
			}
		},
		{
			"from": [9.5, 10.5, 6.5],
			"to": [10.5, 11, 7],
			"rotation": {"angle": 0, "axis": "y", "origin": [7, 17, 8]},
			"faces": {
				"north": {"uv": [10, 3, 10.25, 3.125], "texture": "#1"},
				"east": {"uv": [10.25, 5, 10.375, 5.125], "texture": "#1"},
				"south": {"uv": [10, 3.25, 10.25, 3.375], "texture": "#1"},
				"west": {"uv": [5.25, 10.25, 5.375, 10.375], "texture": "#1"},
				"up": {"uv": [10.25, 4.125, 10, 4], "texture": "#1"},
				"down": {"uv": [10.25, 4.25, 10, 4.375], "texture": "#1"}
			}
		},
		{
			"from": [8.5, 12.5, 6.5],
			"to": [9.5, 13, 7],
			"rotation": {"angle": 0, "axis": "y", "origin": [7, 17, 8]},
			"faces": {
				"north": {"uv": [10, 4.5, 10.25, 4.625], "texture": "#1"},
				"east": {"uv": [10.25, 5.25, 10.375, 5.375], "texture": "#1"},
				"south": {"uv": [4.75, 10, 5, 10.125], "texture": "#1"},
				"west": {"uv": [5.5, 10.25, 5.625, 10.375], "texture": "#1"},
				"up": {"uv": [10.25, 4.875, 10, 4.75], "texture": "#1"},
				"down": {"uv": [10.25, 5, 10, 5.125], "texture": "#1"}
			}
		},
		{
			"from": [7.5, 14.5, 6.5],
			"to": [8.5, 15, 7],
			"rotation": {"angle": 0, "axis": "y", "origin": [7, 17, 8]},
			"faces": {
				"north": {"uv": [5.25, 10, 5.5, 10.125], "texture": "#1"},
				"east": {"uv": [10.25, 5.5, 10.375, 5.625], "texture": "#1"},
				"south": {"uv": [10, 5.25, 10.25, 5.375], "texture": "#1"},
				"west": {"uv": [5.75, 10.25, 5.875, 10.375], "texture": "#1"},
				"up": {"uv": [5.75, 10.125, 5.5, 10], "texture": "#1"},
				"down": {"uv": [10.25, 5.5, 10, 5.625], "texture": "#1"}
			}
		},
		{
			"from": [6.5, 16.5, 6.5],
			"to": [7.5, 17, 7],
			"rotation": {"angle": 0, "axis": "y", "origin": [7, 17, 8]},
			"faces": {
				"north": {"uv": [5.75, 10, 6, 10.125], "texture": "#1"},
				"east": {"uv": [10.25, 5.75, 10.375, 5.875], "texture": "#1"},
				"south": {"uv": [10, 5.75, 10.25, 5.875], "texture": "#1"},
				"west": {"uv": [6, 10.25, 6.125, 10.375], "texture": "#1"},
				"up": {"uv": [6.25, 10.125, 6, 10], "texture": "#1"},
				"down": {"uv": [10.25, 6, 10, 6.125], "texture": "#1"}
			}
		},
		{
			"from": [5.5, 18.5, 6.5],
			"to": [6.5, 19, 7],
			"rotation": {"angle": 0, "axis": "y", "origin": [7, 17, 8]},
			"faces": {
				"north": {"uv": [6.25, 10, 6.5, 10.125], "texture": "#1"},
				"east": {"uv": [10.25, 6, 10.375, 6.125], "texture": "#1"},
				"south": {"uv": [10, 6.25, 10.25, 6.375], "texture": "#1"},
				"west": {"uv": [6.25, 10.25, 6.375, 10.375], "texture": "#1"},
				"up": {"uv": [6.75, 10.125, 6.5, 10], "texture": "#1"},
				"down": {"uv": [10.25, 6.5, 10, 6.625], "texture": "#1"}
			}
		},
		{
			"from": [4.5, 20.5, 6.5],
			"to": [5.5, 21, 7],
			"rotation": {"angle": 0, "axis": "y", "origin": [7, 17, 8]},
			"faces": {
				"north": {"uv": [6.75, 10, 7, 10.125], "texture": "#1"},
				"east": {"uv": [10.25, 6.25, 10.375, 6.375], "texture": "#1"},
				"south": {"uv": [10, 6.75, 10.25, 6.875], "texture": "#1"},
				"west": {"uv": [6.5, 10.25, 6.625, 10.375], "texture": "#1"},
				"up": {"uv": [7.25, 10.125, 7, 10], "texture": "#1"},
				"down": {"uv": [10.25, 7, 10, 7.125], "texture": "#1"}
			}
		},
		{
			"from": [3.5, 22.5, 6.5],
			"to": [4.5, 23, 7],
			"rotation": {"angle": 0, "axis": "y", "origin": [7, 17, 8]},
			"faces": {
				"north": {"uv": [7.25, 10, 7.5, 10.125], "texture": "#1"},
				"east": {"uv": [10.25, 6.5, 10.375, 6.625], "texture": "#1"},
				"south": {"uv": [10, 7.25, 10.25, 7.375], "texture": "#1"},
				"west": {"uv": [6.75, 10.25, 6.875, 10.375], "texture": "#1"},
				"up": {"uv": [7.75, 10.125, 7.5, 10], "texture": "#1"},
				"down": {"uv": [10.25, 7.5, 10, 7.625], "texture": "#1"}
			}
		},
		{
			"from": [10.5, 8.5, 6.5],
			"to": [11.5, 9, 7],
			"rotation": {"angle": 0, "axis": "y", "origin": [7, 17, 8]},
			"faces": {
				"north": {"uv": [7.75, 10, 8, 10.125], "texture": "#1"},
				"east": {"uv": [10.25, 6.75, 10.375, 6.875], "texture": "#1"},
				"south": {"uv": [10, 7.75, 10.25, 7.875], "texture": "#1"},
				"west": {"uv": [7, 10.25, 7.125, 10.375], "texture": "#1"},
				"up": {"uv": [8.25, 10.125, 8, 10], "texture": "#1"},
				"down": {"uv": [10.25, 8, 10, 8.125], "texture": "#1"}
			}
		},
		{
			"from": [9.5, 11, 6.5],
			"to": [10, 13, 7],
			"rotation": {"angle": 0, "axis": "y", "origin": [7, 17, 8]},
			"faces": {
				"north": {"uv": [9.5, 8, 9.625, 8.5], "texture": "#1"},
				"east": {"uv": [8.25, 9.5, 8.375, 10], "texture": "#1"},
				"south": {"uv": [8.5, 9.5, 8.625, 10], "texture": "#1"},
				"west": {"uv": [9.5, 8.5, 9.625, 9], "texture": "#1"},
				"up": {"uv": [10.375, 7.125, 10.25, 7], "texture": "#1"},
				"down": {"uv": [7.375, 10.25, 7.25, 10.375], "texture": "#1"}
			}
		},
		{
			"from": [8.5, 13, 6.5],
			"to": [9, 15, 7],
			"rotation": {"angle": 0, "axis": "y", "origin": [7, 17, 8]},
			"faces": {
				"north": {"uv": [8.75, 9.5, 8.875, 10], "texture": "#1"},
				"east": {"uv": [9.5, 9, 9.625, 9.5], "texture": "#1"},
				"south": {"uv": [9.25, 9.5, 9.375, 10], "texture": "#1"},
				"west": {"uv": [9.5, 9.5, 9.625, 10], "texture": "#1"},
				"up": {"uv": [10.375, 7.375, 10.25, 7.25], "texture": "#1"},
				"down": {"uv": [7.625, 10.25, 7.5, 10.375], "texture": "#1"}
			}
		},
		{
			"from": [7.5, 15, 6.5],
			"to": [8, 17, 7],
			"rotation": {"angle": 0, "axis": "y", "origin": [7, 17, 8]},
			"faces": {
				"north": {"uv": [9.75, 0, 9.875, 0.5], "texture": "#1"},
				"east": {"uv": [0.25, 9.75, 0.375, 10.25], "texture": "#1"},
				"south": {"uv": [0.5, 9.75, 0.625, 10.25], "texture": "#1"},
				"west": {"uv": [9.75, 0.5, 9.875, 1], "texture": "#1"},
				"up": {"uv": [10.375, 7.625, 10.25, 7.5], "texture": "#1"},
				"down": {"uv": [7.875, 10.25, 7.75, 10.375], "texture": "#1"}
			}
		},
		{
			"from": [6.5, 17, 6.5],
			"to": [7, 19, 7],
			"rotation": {"angle": 0, "axis": "y", "origin": [7, 17, 8]},
			"faces": {
				"north": {"uv": [1, 9.75, 1.125, 10.25], "texture": "#1"},
				"east": {"uv": [9.75, 1, 9.875, 1.5], "texture": "#1"},
				"south": {"uv": [1.25, 9.75, 1.375, 10.25], "texture": "#1"},
				"west": {"uv": [1.5, 9.75, 1.625, 10.25], "texture": "#1"},
				"up": {"uv": [10.375, 7.875, 10.25, 7.75], "texture": "#1"},
				"down": {"uv": [8.125, 10.25, 8, 10.375], "texture": "#1"}
			}
		},
		{
			"from": [5.5, 19, 6.5],
			"to": [6, 21, 7],
			"rotation": {"angle": 0, "axis": "y", "origin": [7, 17, 8]},
			"faces": {
				"north": {"uv": [2, 9.75, 2.125, 10.25], "texture": "#1"},
				"east": {"uv": [9.75, 2, 9.875, 2.5], "texture": "#1"},
				"south": {"uv": [2.25, 9.75, 2.375, 10.25], "texture": "#1"},
				"west": {"uv": [2.5, 9.75, 2.625, 10.25], "texture": "#1"},
				"up": {"uv": [10.375, 8.125, 10.25, 8], "texture": "#1"},
				"down": {"uv": [8.375, 10.25, 8.25, 10.375], "texture": "#1"}
			}
		},
		{
			"from": [4.5, 21, 6.5],
			"to": [5, 23, 7],
			"rotation": {"angle": 0, "axis": "y", "origin": [7, 17, 8]},
			"faces": {
				"north": {"uv": [9.75, 2.5, 9.875, 3], "texture": "#1"},
				"east": {"uv": [2.75, 9.75, 2.875, 10.25], "texture": "#1"},
				"south": {"uv": [9.75, 6.5, 9.875, 7], "texture": "#1"},
				"west": {"uv": [9.75, 7, 9.875, 7.5], "texture": "#1"},
				"up": {"uv": [10.375, 8.375, 10.25, 8.25], "texture": "#1"},
				"down": {"uv": [8.625, 10.25, 8.5, 10.375], "texture": "#1"}
			}
		},
		{
			"from": [3.5, 23, 6.5],
			"to": [4, 32, 7],
			"rotation": {"angle": 0, "axis": "y", "origin": [7, 17, 8]},
			"faces": {
				"north": {"uv": [6, 7.75, 6.125, 10], "texture": "#1"},
				"east": {"uv": [6.25, 7.75, 6.375, 10], "texture": "#1"},
				"south": {"uv": [6.5, 7.75, 6.625, 10], "texture": "#1"},
				"west": {"uv": [6.75, 7.75, 6.875, 10], "texture": "#1"},
				"up": {"uv": [10.375, 8.625, 10.25, 8.5], "texture": "#1"},
				"down": {"uv": [8.875, 10.25, 8.75, 10.375], "texture": "#1"}
			}
		},
		{
			"from": [0, 0, 6.5],
			"to": [0.5, 32, 7],
			"rotation": {"angle": 0, "axis": "y", "origin": [7, 17, 8]},
			"faces": {
				"north": {"uv": [4, 5, 4.125, 13], "texture": "#1"},
				"east": {"uv": [4.25, 5, 4.375, 13], "texture": "#1"},
				"south": {"uv": [4.5, 5, 4.625, 13], "texture": "#1"},
				"west": {"uv": [5, 4.5, 5.125, 12.5], "texture": "#1"},
				"up": {"uv": [10.375, 8.875, 10.25, 8.75], "texture": "#1"},
				"down": {"uv": [9.125, 10.25, 9, 10.375], "texture": "#1"}
			}
		},
		{
			"from": [6, 14, 9.5],
			"to": [6.5, 14.5, 10],
			"rotation": {"angle": 0, "axis": "y", "origin": [7, 17, 8]},
			"faces": {
				"north": {"uv": [10.25, 9, 10.375, 9.125], "texture": "#1"},
				"east": {"uv": [9.25, 10.25, 9.375, 10.375], "texture": "#1"},
				"south": {"uv": [10.25, 9.25, 10.375, 9.375], "texture": "#1"},
				"west": {"uv": [9.5, 10.25, 9.625, 10.375], "texture": "#1"},
				"up": {"uv": [10.375, 9.625, 10.25, 9.5], "texture": "#1"},
				"down": {"uv": [9.875, 10.25, 9.75, 10.375], "texture": "#1"}
			}
		},
		{
			"from": [7, 14, 9.5],
			"to": [7.5, 14.5, 10],
			"rotation": {"angle": 0, "axis": "y", "origin": [7, 17, 8]},
			"faces": {
				"north": {"uv": [10.25, 9.75, 10.375, 9.875], "texture": "#1"},
				"east": {"uv": [10, 10.25, 10.125, 10.375], "texture": "#1"},
				"south": {"uv": [10.25, 10, 10.375, 10.125], "texture": "#1"},
				"west": {"uv": [10.25, 10.25, 10.375, 10.375], "texture": "#1"},
				"up": {"uv": [0.125, 10.625, 0, 10.5], "texture": "#1"},
				"down": {"uv": [10.625, 0, 10.5, 0.125], "texture": "#1"}
			}
		},
		{
			"from": [8, 14, 9.5],
			"to": [8.5, 14.5, 10],
			"rotation": {"angle": 0, "axis": "y", "origin": [7, 17, 8]},
			"faces": {
				"north": {"uv": [0.25, 10.5, 0.375, 10.625], "texture": "#1"},
				"east": {"uv": [10.5, 0.25, 10.625, 0.375], "texture": "#1"},
				"south": {"uv": [0.5, 10.5, 0.625, 10.625], "texture": "#1"},
				"west": {"uv": [10.5, 0.5, 10.625, 0.625], "texture": "#1"},
				"up": {"uv": [0.875, 10.625, 0.75, 10.5], "texture": "#1"},
				"down": {"uv": [10.625, 0.75, 10.5, 0.875], "texture": "#1"}
			}
		},
		{
			"from": [8.5, 14, 9.5],
			"to": [9, 14.5, 10],
			"rotation": {"angle": 0, "axis": "y", "origin": [7, 17, 8]},
			"faces": {
				"north": {"uv": [1, 10.5, 1.125, 10.625], "texture": "#1"},
				"east": {"uv": [10.5, 1, 10.625, 1.125], "texture": "#1"},
				"south": {"uv": [1.25, 10.5, 1.375, 10.625], "texture": "#1"},
				"west": {"uv": [10.5, 1.25, 10.625, 1.375], "texture": "#1"},
				"up": {"uv": [1.625, 10.625, 1.5, 10.5], "texture": "#1"},
				"down": {"uv": [10.625, 1.5, 10.5, 1.625], "texture": "#1"}
			}
		},
		{
			"from": [7.5, 14, 9.5],
			"to": [8, 14.5, 10],
			"rotation": {"angle": 0, "axis": "y", "origin": [7, 17, 8]},
			"faces": {
				"north": {"uv": [1.75, 10.5, 1.875, 10.625], "texture": "#1"},
				"east": {"uv": [10.5, 1.75, 10.625, 1.875], "texture": "#1"},
				"south": {"uv": [2, 10.5, 2.125, 10.625], "texture": "#1"},
				"west": {"uv": [10.5, 2, 10.625, 2.125], "texture": "#1"},
				"up": {"uv": [2.375, 10.625, 2.25, 10.5], "texture": "#1"},
				"down": {"uv": [10.625, 2.25, 10.5, 2.375], "texture": "#1"}
			}
		},
		{
			"from": [6.5, 14, 9.5],
			"to": [7, 14.5, 10],
			"rotation": {"angle": 0, "axis": "y", "origin": [7, 17, 8]},
			"faces": {
				"north": {"uv": [2.5, 10.5, 2.625, 10.625], "texture": "#1"},
				"east": {"uv": [10.5, 2.5, 10.625, 2.625], "texture": "#1"},
				"south": {"uv": [2.75, 10.5, 2.875, 10.625], "texture": "#1"},
				"west": {"uv": [10.5, 2.75, 10.625, 2.875], "texture": "#1"},
				"up": {"uv": [10.625, 3.125, 10.5, 3], "texture": "#1"},
				"down": {"uv": [10.625, 3.25, 10.5, 3.375], "texture": "#1"}
			}
		},
		{
			"from": [6, 15, 9.5],
			"to": [6.5, 15.5, 10],
			"rotation": {"angle": 0, "axis": "y", "origin": [7, 17, 8]},
			"faces": {
				"north": {"uv": [10.5, 3.5, 10.625, 3.625], "texture": "#1"},
				"east": {"uv": [10.5, 3.75, 10.625, 3.875], "texture": "#1"},
				"south": {"uv": [10.5, 4, 10.625, 4.125], "texture": "#1"},
				"west": {"uv": [10.5, 4.25, 10.625, 4.375], "texture": "#1"},
				"up": {"uv": [10.625, 4.625, 10.5, 4.5], "texture": "#1"},
				"down": {"uv": [4.875, 10.5, 4.75, 10.625], "texture": "#1"}
			}
		},
		{
			"from": [6.5, 15, 9.5],
			"to": [7, 15.5, 10],
			"rotation": {"angle": 0, "axis": "y", "origin": [7, 17, 8]},
			"faces": {
				"north": {"uv": [10.5, 4.75, 10.625, 4.875], "texture": "#1"},
				"east": {"uv": [10.5, 5, 10.625, 5.125], "texture": "#1"},
				"south": {"uv": [5.25, 10.5, 5.375, 10.625], "texture": "#1"},
				"west": {"uv": [10.5, 5.25, 10.625, 5.375], "texture": "#1"},
				"up": {"uv": [5.625, 10.625, 5.5, 10.5], "texture": "#1"},
				"down": {"uv": [10.625, 5.5, 10.5, 5.625], "texture": "#1"}
			}
		},
		{
			"from": [7, 15, 9.5],
			"to": [7.5, 15.5, 10],
			"rotation": {"angle": 0, "axis": "y", "origin": [7, 17, 8]},
			"faces": {
				"north": {"uv": [5.75, 10.5, 5.875, 10.625], "texture": "#1"},
				"east": {"uv": [10.5, 5.75, 10.625, 5.875], "texture": "#1"},
				"south": {"uv": [6, 10.5, 6.125, 10.625], "texture": "#1"},
				"west": {"uv": [10.5, 6, 10.625, 6.125], "texture": "#1"},
				"up": {"uv": [6.375, 10.625, 6.25, 10.5], "texture": "#1"},
				"down": {"uv": [10.625, 6.25, 10.5, 6.375], "texture": "#1"}
			}
		},
		{
			"from": [7.5, 15, 9.5],
			"to": [8, 15.5, 10],
			"rotation": {"angle": 0, "axis": "y", "origin": [7, 17, 8]},
			"faces": {
				"north": {"uv": [6.5, 10.5, 6.625, 10.625], "texture": "#1"},
				"east": {"uv": [10.5, 6.5, 10.625, 6.625], "texture": "#1"},
				"south": {"uv": [6.75, 10.5, 6.875, 10.625], "texture": "#1"},
				"west": {"uv": [10.5, 6.75, 10.625, 6.875], "texture": "#1"},
				"up": {"uv": [7.125, 10.625, 7, 10.5], "texture": "#1"},
				"down": {"uv": [10.625, 7, 10.5, 7.125], "texture": "#1"}
			}
		},
		{
			"from": [6, 16, 9.5],
			"to": [6.5, 16.5, 10],
			"rotation": {"angle": 0, "axis": "y", "origin": [7, 17, 8]},
			"faces": {
				"north": {"uv": [7.25, 10.5, 7.375, 10.625], "texture": "#1"},
				"east": {"uv": [10.5, 7.25, 10.625, 7.375], "texture": "#1"},
				"south": {"uv": [7.5, 10.5, 7.625, 10.625], "texture": "#1"},
				"west": {"uv": [10.5, 7.5, 10.625, 7.625], "texture": "#1"},
				"up": {"uv": [7.875, 10.625, 7.75, 10.5], "texture": "#1"},
				"down": {"uv": [10.625, 7.75, 10.5, 7.875], "texture": "#1"}
			}
		},
		{
			"from": [6.5, 16, 9.5],
			"to": [7, 16.5, 10],
			"rotation": {"angle": 0, "axis": "y", "origin": [7, 17, 8]},
			"faces": {
				"north": {"uv": [8, 10.5, 8.125, 10.625], "texture": "#1"},
				"east": {"uv": [10.5, 8, 10.625, 8.125], "texture": "#1"},
				"south": {"uv": [8.25, 10.5, 8.375, 10.625], "texture": "#1"},
				"west": {"uv": [10.5, 8.25, 10.625, 8.375], "texture": "#1"},
				"up": {"uv": [8.625, 10.625, 8.5, 10.5], "texture": "#1"},
				"down": {"uv": [10.625, 8.5, 10.5, 8.625], "texture": "#1"}
			}
		},
		{
			"from": [7, 16, 9.5],
			"to": [7.5, 16.5, 10],
			"rotation": {"angle": 0, "axis": "y", "origin": [7, 17, 8]},
			"faces": {
				"north": {"uv": [8.75, 10.5, 8.875, 10.625], "texture": "#1"},
				"east": {"uv": [10.5, 8.75, 10.625, 8.875], "texture": "#1"},
				"south": {"uv": [9, 10.5, 9.125, 10.625], "texture": "#1"},
				"west": {"uv": [10.5, 9, 10.625, 9.125], "texture": "#1"},
				"up": {"uv": [9.375, 10.625, 9.25, 10.5], "texture": "#1"},
				"down": {"uv": [10.625, 9.25, 10.5, 9.375], "texture": "#1"}
			}
		},
		{
			"from": [7.5, 16, 9.5],
			"to": [8, 16.5, 10],
			"rotation": {"angle": 0, "axis": "y", "origin": [7, 17, 8]},
			"faces": {
				"north": {"uv": [9.5, 10.5, 9.625, 10.625], "texture": "#1"},
				"east": {"uv": [10.5, 9.5, 10.625, 9.625], "texture": "#1"},
				"south": {"uv": [9.75, 10.5, 9.875, 10.625], "texture": "#1"},
				"west": {"uv": [10.5, 9.75, 10.625, 9.875], "texture": "#1"},
				"up": {"uv": [10.125, 10.625, 10, 10.5], "texture": "#1"},
				"down": {"uv": [10.625, 10, 10.5, 10.125], "texture": "#1"}
			}
		},
		{
			"from": [6, 17, 9.5],
			"to": [6.5, 17.5, 10],
			"rotation": {"angle": 0, "axis": "y", "origin": [7, 17, 8]},
			"faces": {
				"north": {"uv": [10.25, 10.5, 10.375, 10.625], "texture": "#1"},
				"east": {"uv": [10.5, 10.25, 10.625, 10.375], "texture": "#1"},
				"south": {"uv": [10.5, 10.5, 10.625, 10.625], "texture": "#1"},
				"west": {"uv": [0, 10.75, 0.125, 10.875], "texture": "#1"},
				"up": {"uv": [10.875, 0.125, 10.75, 0], "texture": "#1"},
				"down": {"uv": [0.375, 10.75, 0.25, 10.875], "texture": "#1"}
			}
		},
		{
			"from": [6.5, 17, 9.5],
			"to": [7, 17.5, 10],
			"rotation": {"angle": 0, "axis": "y", "origin": [7, 17, 8]},
			"faces": {
				"north": {"uv": [10.75, 0.25, 10.875, 0.375], "texture": "#1"},
				"east": {"uv": [0.5, 10.75, 0.625, 10.875], "texture": "#1"},
				"south": {"uv": [10.75, 0.5, 10.875, 0.625], "texture": "#1"},
				"west": {"uv": [0.75, 10.75, 0.875, 10.875], "texture": "#1"},
				"up": {"uv": [10.875, 0.875, 10.75, 0.75], "texture": "#1"},
				"down": {"uv": [1.125, 10.75, 1, 10.875], "texture": "#1"}
			}
		},
		{
			"from": [6, 17.5, 9.5],
			"to": [6.5, 18, 10],
			"rotation": {"angle": 0, "axis": "y", "origin": [7, 17, 8]},
			"faces": {
				"north": {"uv": [10.75, 1, 10.875, 1.125], "texture": "#1"},
				"east": {"uv": [1.25, 10.75, 1.375, 10.875], "texture": "#1"},
				"south": {"uv": [10.75, 1.25, 10.875, 1.375], "texture": "#1"},
				"west": {"uv": [1.5, 10.75, 1.625, 10.875], "texture": "#1"},
				"up": {"uv": [10.875, 1.625, 10.75, 1.5], "texture": "#1"},
				"down": {"uv": [1.875, 10.75, 1.75, 10.875], "texture": "#1"}
			}
		},
		{
			"from": [6.5, 17.5, 9.5],
			"to": [7, 18, 10],
			"rotation": {"angle": 0, "axis": "y", "origin": [7, 17, 8]},
			"faces": {
				"north": {"uv": [10.75, 1.75, 10.875, 1.875], "texture": "#1"},
				"east": {"uv": [2, 10.75, 2.125, 10.875], "texture": "#1"},
				"south": {"uv": [10.75, 2, 10.875, 2.125], "texture": "#1"},
				"west": {"uv": [2.25, 10.75, 2.375, 10.875], "texture": "#1"},
				"up": {"uv": [10.875, 2.375, 10.75, 2.25], "texture": "#1"},
				"down": {"uv": [2.625, 10.75, 2.5, 10.875], "texture": "#1"}
			}
		},
		{
			"from": [6, 16.5, 9.5],
			"to": [6.5, 17, 10],
			"rotation": {"angle": 0, "axis": "y", "origin": [7, 17, 8]},
			"faces": {
				"north": {"uv": [10.75, 2.5, 10.875, 2.625], "texture": "#1"},
				"east": {"uv": [2.75, 10.75, 2.875, 10.875], "texture": "#1"},
				"south": {"uv": [10.75, 2.75, 10.875, 2.875], "texture": "#1"},
				"west": {"uv": [10.75, 3, 10.875, 3.125], "texture": "#1"},
				"up": {"uv": [10.875, 3.375, 10.75, 3.25], "texture": "#1"},
				"down": {"uv": [10.875, 3.5, 10.75, 3.625], "texture": "#1"}
			}
		},
		{
			"from": [6.5, 16.5, 9.5],
			"to": [7, 17, 10],
			"rotation": {"angle": 0, "axis": "y", "origin": [7, 17, 8]},
			"faces": {
				"north": {"uv": [10.75, 3.75, 10.875, 3.875], "texture": "#1"},
				"east": {"uv": [10.75, 4, 10.875, 4.125], "texture": "#1"},
				"south": {"uv": [10.75, 4.25, 10.875, 4.375], "texture": "#1"},
				"west": {"uv": [10.75, 4.5, 10.875, 4.625], "texture": "#1"},
				"up": {"uv": [4.875, 10.875, 4.75, 10.75], "texture": "#1"},
				"down": {"uv": [10.875, 4.75, 10.75, 4.875], "texture": "#1"}
			}
		},
		{
			"from": [7, 16.5, 9.5],
			"to": [7.5, 17, 10],
			"rotation": {"angle": 0, "axis": "y", "origin": [7, 17, 8]},
			"faces": {
				"north": {"uv": [10.75, 5, 10.875, 5.125], "texture": "#1"},
				"east": {"uv": [5.25, 10.75, 5.375, 10.875], "texture": "#1"},
				"south": {"uv": [10.75, 5.25, 10.875, 5.375], "texture": "#1"},
				"west": {"uv": [5.5, 10.75, 5.625, 10.875], "texture": "#1"},
				"up": {"uv": [10.875, 5.625, 10.75, 5.5], "texture": "#1"},
				"down": {"uv": [5.875, 10.75, 5.75, 10.875], "texture": "#1"}
			}
		},
		{
			"from": [6, 15.5, 9.5],
			"to": [6.5, 16, 10],
			"rotation": {"angle": 0, "axis": "y", "origin": [7, 17, 8]},
			"faces": {
				"north": {"uv": [10.75, 5.75, 10.875, 5.875], "texture": "#1"},
				"east": {"uv": [6, 10.75, 6.125, 10.875], "texture": "#1"},
				"south": {"uv": [10.75, 6, 10.875, 6.125], "texture": "#1"},
				"west": {"uv": [6.25, 10.75, 6.375, 10.875], "texture": "#1"},
				"up": {"uv": [10.875, 6.375, 10.75, 6.25], "texture": "#1"},
				"down": {"uv": [6.625, 10.75, 6.5, 10.875], "texture": "#1"}
			}
		},
		{
			"from": [6.5, 15.5, 9.5],
			"to": [7, 16, 10],
			"rotation": {"angle": 0, "axis": "y", "origin": [7, 17, 8]},
			"faces": {
				"north": {"uv": [10.75, 6.5, 10.875, 6.625], "texture": "#1"},
				"east": {"uv": [6.75, 10.75, 6.875, 10.875], "texture": "#1"},
				"south": {"uv": [10.75, 6.75, 10.875, 6.875], "texture": "#1"},
				"west": {"uv": [7, 10.75, 7.125, 10.875], "texture": "#1"},
				"up": {"uv": [10.875, 7.125, 10.75, 7], "texture": "#1"},
				"down": {"uv": [7.375, 10.75, 7.25, 10.875], "texture": "#1"}
			}
		},
		{
			"from": [7, 15.5, 9.5],
			"to": [7.5, 16, 10],
			"rotation": {"angle": 0, "axis": "y", "origin": [7, 17, 8]},
			"faces": {
				"north": {"uv": [10.75, 7.25, 10.875, 7.375], "texture": "#1"},
				"east": {"uv": [7.5, 10.75, 7.625, 10.875], "texture": "#1"},
				"south": {"uv": [10.75, 7.5, 10.875, 7.625], "texture": "#1"},
				"west": {"uv": [7.75, 10.75, 7.875, 10.875], "texture": "#1"},
				"up": {"uv": [10.875, 7.875, 10.75, 7.75], "texture": "#1"},
				"down": {"uv": [8.125, 10.75, 8, 10.875], "texture": "#1"}
			}
		},
		{
			"from": [7.5, 15.5, 9.5],
			"to": [8, 16, 10],
			"rotation": {"angle": 0, "axis": "y", "origin": [7, 17, 8]},
			"faces": {
				"north": {"uv": [10.75, 8, 10.875, 8.125], "texture": "#1"},
				"east": {"uv": [8.25, 10.75, 8.375, 10.875], "texture": "#1"},
				"south": {"uv": [10.75, 8.25, 10.875, 8.375], "texture": "#1"},
				"west": {"uv": [8.5, 10.75, 8.625, 10.875], "texture": "#1"},
				"up": {"uv": [10.875, 8.625, 10.75, 8.5], "texture": "#1"},
				"down": {"uv": [8.875, 10.75, 8.75, 10.875], "texture": "#1"}
			}
		},
		{
			"from": [6, 14.5, 9.5],
			"to": [6.5, 15, 10],
			"rotation": {"angle": 0, "axis": "y", "origin": [7, 17, 8]},
			"faces": {
				"north": {"uv": [10.75, 8.75, 10.875, 8.875], "texture": "#1"},
				"east": {"uv": [9, 10.75, 9.125, 10.875], "texture": "#1"},
				"south": {"uv": [10.75, 9, 10.875, 9.125], "texture": "#1"},
				"west": {"uv": [9.25, 10.75, 9.375, 10.875], "texture": "#1"},
				"up": {"uv": [10.875, 9.375, 10.75, 9.25], "texture": "#1"},
				"down": {"uv": [9.625, 10.75, 9.5, 10.875], "texture": "#1"}
			}
		},
		{
			"from": [6.5, 14.5, 9.5],
			"to": [7, 15, 10],
			"rotation": {"angle": 0, "axis": "y", "origin": [7, 17, 8]},
			"faces": {
				"north": {"uv": [10.75, 9.5, 10.875, 9.625], "texture": "#1"},
				"east": {"uv": [9.75, 10.75, 9.875, 10.875], "texture": "#1"},
				"south": {"uv": [10.75, 9.75, 10.875, 9.875], "texture": "#1"},
				"west": {"uv": [10, 10.75, 10.125, 10.875], "texture": "#1"},
				"up": {"uv": [10.875, 10.125, 10.75, 10], "texture": "#1"},
				"down": {"uv": [10.375, 10.75, 10.25, 10.875], "texture": "#1"}
			}
		},
		{
			"from": [7, 14.5, 9.5],
			"to": [7.5, 15, 10],
			"rotation": {"angle": 0, "axis": "y", "origin": [7, 17, 8]},
			"faces": {
				"north": {"uv": [10.75, 10.25, 10.875, 10.375], "texture": "#1"},
				"east": {"uv": [10.5, 10.75, 10.625, 10.875], "texture": "#1"},
				"south": {"uv": [10.75, 10.5, 10.875, 10.625], "texture": "#1"},
				"west": {"uv": [10.75, 10.75, 10.875, 10.875], "texture": "#1"},
				"up": {"uv": [0.125, 11.125, 0, 11], "texture": "#1"},
				"down": {"uv": [11.125, 0, 11, 0.125], "texture": "#1"}
			}
		},
		{
			"from": [8, 14.5, 9.5],
			"to": [8.5, 15, 10],
			"rotation": {"angle": 0, "axis": "y", "origin": [7, 17, 8]},
			"faces": {
				"north": {"uv": [0.25, 11, 0.375, 11.125], "texture": "#1"},
				"east": {"uv": [11, 0.25, 11.125, 0.375], "texture": "#1"},
				"south": {"uv": [0.5, 11, 0.625, 11.125], "texture": "#1"},
				"west": {"uv": [11, 0.5, 11.125, 0.625], "texture": "#1"},
				"up": {"uv": [0.875, 11.125, 0.75, 11], "texture": "#1"},
				"down": {"uv": [11.125, 0.75, 11, 0.875], "texture": "#1"}
			}
		},
		{
			"from": [7.5, 14.5, 9.5],
			"to": [8, 15, 10],
			"rotation": {"angle": 0, "axis": "y", "origin": [7, 17, 8]},
			"faces": {
				"north": {"uv": [1, 11, 1.125, 11.125], "texture": "#1"},
				"east": {"uv": [11, 1, 11.125, 1.125], "texture": "#1"},
				"south": {"uv": [1.25, 11, 1.375, 11.125], "texture": "#1"},
				"west": {"uv": [11, 1.25, 11.125, 1.375], "texture": "#1"},
				"up": {"uv": [1.625, 11.125, 1.5, 11], "texture": "#1"},
				"down": {"uv": [11.125, 1.5, 11, 1.625], "texture": "#1"}
			}
		},
		{
			"from": [6.5, 13.5, 9.5],
			"to": [7, 14, 10],
			"rotation": {"angle": 0, "axis": "y", "origin": [7, 17, 8]},
			"faces": {
				"north": {"uv": [1.75, 11, 1.875, 11.125], "texture": "#1"},
				"east": {"uv": [11, 1.75, 11.125, 1.875], "texture": "#1"},
				"south": {"uv": [2, 11, 2.125, 11.125], "texture": "#1"},
				"west": {"uv": [11, 2, 11.125, 2.125], "texture": "#1"},
				"up": {"uv": [2.375, 11.125, 2.25, 11], "texture": "#1"},
				"down": {"uv": [11.125, 2.25, 11, 2.375], "texture": "#1"}
			}
		},
		{
			"from": [7.5, 13.5, 9.5],
			"to": [8, 14, 10],
			"rotation": {"angle": 0, "axis": "y", "origin": [7, 17, 8]},
			"faces": {
				"north": {"uv": [2.5, 11, 2.625, 11.125], "texture": "#1"},
				"east": {"uv": [11, 2.5, 11.125, 2.625], "texture": "#1"},
				"south": {"uv": [2.75, 11, 2.875, 11.125], "texture": "#1"},
				"west": {"uv": [11, 2.75, 11.125, 2.875], "texture": "#1"},
				"up": {"uv": [11.125, 3.125, 11, 3], "texture": "#1"},
				"down": {"uv": [11.125, 3.25, 11, 3.375], "texture": "#1"}
			}
		},
		{
			"from": [8.5, 13.5, 9.5],
			"to": [9, 14, 10],
			"rotation": {"angle": 0, "axis": "y", "origin": [7, 17, 8]},
			"faces": {
				"north": {"uv": [11, 3.5, 11.125, 3.625], "texture": "#1"},
				"east": {"uv": [11, 3.75, 11.125, 3.875], "texture": "#1"},
				"south": {"uv": [11, 4, 11.125, 4.125], "texture": "#1"},
				"west": {"uv": [11, 4.25, 11.125, 4.375], "texture": "#1"},
				"up": {"uv": [11.125, 4.625, 11, 4.5], "texture": "#1"},
				"down": {"uv": [4.875, 11, 4.75, 11.125], "texture": "#1"}
			}
		},
		{
			"from": [8, 13.5, 9.5],
			"to": [8.5, 14, 10],
			"rotation": {"angle": 0, "axis": "y", "origin": [7, 17, 8]},
			"faces": {
				"north": {"uv": [11, 4.75, 11.125, 4.875], "texture": "#1"},
				"east": {"uv": [11, 5, 11.125, 5.125], "texture": "#1"},
				"south": {"uv": [5.25, 11, 5.375, 11.125], "texture": "#1"},
				"west": {"uv": [11, 5.25, 11.125, 5.375], "texture": "#1"},
				"up": {"uv": [5.625, 11.125, 5.5, 11], "texture": "#1"},
				"down": {"uv": [11.125, 5.5, 11, 5.625], "texture": "#1"}
			}
		},
		{
			"from": [7, 13.5, 9.5],
			"to": [7.5, 14, 10],
			"rotation": {"angle": 0, "axis": "y", "origin": [7, 17, 8]},
			"faces": {
				"north": {"uv": [5.75, 11, 5.875, 11.125], "texture": "#1"},
				"east": {"uv": [11, 5.75, 11.125, 5.875], "texture": "#1"},
				"south": {"uv": [6, 11, 6.125, 11.125], "texture": "#1"},
				"west": {"uv": [11, 6, 11.125, 6.125], "texture": "#1"},
				"up": {"uv": [6.375, 11.125, 6.25, 11], "texture": "#1"},
				"down": {"uv": [11.125, 6.25, 11, 6.375], "texture": "#1"}
			}
		},
		{
			"from": [6.5, 18, 9.5],
			"to": [7, 18.5, 10],
			"rotation": {"angle": 0, "axis": "y", "origin": [7, 17, 8]},
			"faces": {
				"north": {"uv": [6.5, 11, 6.625, 11.125], "texture": "#1"},
				"east": {"uv": [11, 6.5, 11.125, 6.625], "texture": "#1"},
				"south": {"uv": [6.75, 11, 6.875, 11.125], "texture": "#1"},
				"west": {"uv": [11, 6.75, 11.125, 6.875], "texture": "#1"},
				"up": {"uv": [7.125, 11.125, 7, 11], "texture": "#1"},
				"down": {"uv": [11.125, 7, 11, 7.125], "texture": "#1"}
			}
		},
		{
			"from": [5.5, 14.5, 9.5],
			"to": [6, 15, 10],
			"rotation": {"angle": 0, "axis": "y", "origin": [7, 17, 8]},
			"faces": {
				"north": {"uv": [7.25, 11, 7.375, 11.125], "texture": "#1"},
				"east": {"uv": [11, 7.25, 11.125, 7.375], "texture": "#1"},
				"south": {"uv": [7.5, 11, 7.625, 11.125], "texture": "#1"},
				"west": {"uv": [11, 7.5, 11.125, 7.625], "texture": "#1"},
				"up": {"uv": [7.875, 11.125, 7.75, 11], "texture": "#1"},
				"down": {"uv": [11.125, 7.75, 11, 7.875], "texture": "#1"}
			}
		},
		{
			"from": [5.5, 15.5, 9.5],
			"to": [6, 16, 10],
			"rotation": {"angle": 0, "axis": "y", "origin": [7, 17, 8]},
			"faces": {
				"north": {"uv": [8, 11, 8.125, 11.125], "texture": "#1"},
				"east": {"uv": [11, 8, 11.125, 8.125], "texture": "#1"},
				"south": {"uv": [8.25, 11, 8.375, 11.125], "texture": "#1"},
				"west": {"uv": [11, 8.25, 11.125, 8.375], "texture": "#1"},
				"up": {"uv": [8.625, 11.125, 8.5, 11], "texture": "#1"},
				"down": {"uv": [11.125, 8.5, 11, 8.625], "texture": "#1"}
			}
		},
		{
			"from": [5.5, 16.5, 9.5],
			"to": [6, 17, 10],
			"rotation": {"angle": 0, "axis": "y", "origin": [7, 17, 8]},
			"faces": {
				"north": {"uv": [8.75, 11, 8.875, 11.125], "texture": "#1"},
				"east": {"uv": [11, 8.75, 11.125, 8.875], "texture": "#1"},
				"south": {"uv": [9, 11, 9.125, 11.125], "texture": "#1"},
				"west": {"uv": [11, 9, 11.125, 9.125], "texture": "#1"},
				"up": {"uv": [9.375, 11.125, 9.25, 11], "texture": "#1"},
				"down": {"uv": [11.125, 9.25, 11, 9.375], "texture": "#1"}
			}
		},
		{
			"from": [5.5, 17, 9.5],
			"to": [6, 17.5, 10],
			"rotation": {"angle": 0, "axis": "y", "origin": [7, 17, 8]},
			"faces": {
				"north": {"uv": [9.5, 11, 9.625, 11.125], "texture": "#1"},
				"east": {"uv": [11, 9.5, 11.125, 9.625], "texture": "#1"},
				"south": {"uv": [9.75, 11, 9.875, 11.125], "texture": "#1"},
				"west": {"uv": [11, 9.75, 11.125, 9.875], "texture": "#1"},
				"up": {"uv": [10.125, 11.125, 10, 11], "texture": "#1"},
				"down": {"uv": [11.125, 10, 11, 10.125], "texture": "#1"}
			}
		},
		{
			"from": [5.5, 15, 9.5],
			"to": [6, 15.5, 10],
			"rotation": {"angle": 0, "axis": "y", "origin": [7, 17, 8]},
			"faces": {
				"north": {"uv": [10.25, 11, 10.375, 11.125], "texture": "#1"},
				"east": {"uv": [11, 10.25, 11.125, 10.375], "texture": "#1"},
				"south": {"uv": [10.5, 11, 10.625, 11.125], "texture": "#1"},
				"west": {"uv": [11, 10.5, 11.125, 10.625], "texture": "#1"},
				"up": {"uv": [10.875, 11.125, 10.75, 11], "texture": "#1"},
				"down": {"uv": [11.125, 10.75, 11, 10.875], "texture": "#1"}
			}
		},
		{
			"from": [5.5, 16, 9.5],
			"to": [6, 16.5, 10],
			"rotation": {"angle": 0, "axis": "y", "origin": [7, 17, 8]},
			"faces": {
				"north": {"uv": [11, 11, 11.125, 11.125], "texture": "#1"},
				"east": {"uv": [0, 11.25, 0.125, 11.375], "texture": "#1"},
				"south": {"uv": [11.25, 0, 11.375, 0.125], "texture": "#1"},
				"west": {"uv": [0.25, 11.25, 0.375, 11.375], "texture": "#1"},
				"up": {"uv": [11.375, 0.375, 11.25, 0.25], "texture": "#1"},
				"down": {"uv": [0.625, 11.25, 0.5, 11.375], "texture": "#1"}
			}
		},
		{
			"from": [8.5, 14.5, 9.5],
			"to": [9, 15, 10],
			"rotation": {"angle": 0, "axis": "y", "origin": [7, 17, 8]},
			"faces": {
				"north": {"uv": [11.25, 0.5, 11.375, 0.625], "texture": "#1"},
				"east": {"uv": [0.75, 11.25, 0.875, 11.375], "texture": "#1"},
				"south": {"uv": [11.25, 0.75, 11.375, 0.875], "texture": "#1"},
				"west": {"uv": [1, 11.25, 1.125, 11.375], "texture": "#1"},
				"up": {"uv": [11.375, 1.125, 11.25, 1], "texture": "#1"},
				"down": {"uv": [1.375, 11.25, 1.25, 11.375], "texture": "#1"}
			}
		},
		{
			"from": [7.5, 16.5, 9.5],
			"to": [8, 17, 10],
			"rotation": {"angle": 0, "axis": "y", "origin": [7, 17, 8]},
			"faces": {
				"north": {"uv": [11.25, 1.25, 11.375, 1.375], "texture": "#1"},
				"east": {"uv": [1.5, 11.25, 1.625, 11.375], "texture": "#1"},
				"south": {"uv": [11.25, 1.5, 11.375, 1.625], "texture": "#1"},
				"west": {"uv": [1.75, 11.25, 1.875, 11.375], "texture": "#1"},
				"up": {"uv": [11.375, 1.875, 11.25, 1.75], "texture": "#1"},
				"down": {"uv": [2.125, 11.25, 2, 11.375], "texture": "#1"}
			}
		},
		{
			"from": [6, 14, 6],
			"to": [6.5, 14.5, 6.5],
			"rotation": {"angle": 0, "axis": "y", "origin": [7, 17, 8]},
			"faces": {
				"north": {"uv": [11.25, 2, 11.375, 2.125], "texture": "#1"},
				"east": {"uv": [2.25, 11.25, 2.375, 11.375], "texture": "#1"},
				"south": {"uv": [11.25, 2.25, 11.375, 2.375], "texture": "#1"},
				"west": {"uv": [2.5, 11.25, 2.625, 11.375], "texture": "#1"},
				"up": {"uv": [11.375, 2.625, 11.25, 2.5], "texture": "#1"},
				"down": {"uv": [2.875, 11.25, 2.75, 11.375], "texture": "#1"}
			}
		},
		{
			"from": [7, 14, 6],
			"to": [7.5, 14.5, 6.5],
			"rotation": {"angle": 0, "axis": "y", "origin": [7, 17, 8]},
			"faces": {
				"north": {"uv": [11.25, 2.75, 11.375, 2.875], "texture": "#1"},
				"east": {"uv": [11.25, 3, 11.375, 3.125], "texture": "#1"},
				"south": {"uv": [11.25, 3.25, 11.375, 3.375], "texture": "#1"},
				"west": {"uv": [11.25, 3.5, 11.375, 3.625], "texture": "#1"},
				"up": {"uv": [11.375, 3.875, 11.25, 3.75], "texture": "#1"},
				"down": {"uv": [11.375, 4, 11.25, 4.125], "texture": "#1"}
			}
		},
		{
			"from": [8, 14, 6],
			"to": [8.5, 14.5, 6.5],
			"rotation": {"angle": 0, "axis": "y", "origin": [7, 17, 8]},
			"faces": {
				"north": {"uv": [11.25, 4.25, 11.375, 4.375], "texture": "#1"},
				"east": {"uv": [11.25, 4.5, 11.375, 4.625], "texture": "#1"},
				"south": {"uv": [4.75, 11.25, 4.875, 11.375], "texture": "#1"},
				"west": {"uv": [11.25, 4.75, 11.375, 4.875], "texture": "#1"},
				"up": {"uv": [11.375, 5.125, 11.25, 5], "texture": "#1"},
				"down": {"uv": [5.375, 11.25, 5.25, 11.375], "texture": "#1"}
			}
		},
		{
			"from": [8.5, 14, 6],
			"to": [9, 14.5, 6.5],
			"rotation": {"angle": 0, "axis": "y", "origin": [7, 17, 8]},
			"faces": {
				"north": {"uv": [11.25, 5.25, 11.375, 5.375], "texture": "#1"},
				"east": {"uv": [5.5, 11.25, 5.625, 11.375], "texture": "#1"},
				"south": {"uv": [11.25, 5.5, 11.375, 5.625], "texture": "#1"},
				"west": {"uv": [5.75, 11.25, 5.875, 11.375], "texture": "#1"},
				"up": {"uv": [11.375, 5.875, 11.25, 5.75], "texture": "#1"},
				"down": {"uv": [6.125, 11.25, 6, 11.375], "texture": "#1"}
			}
		},
		{
			"from": [7.5, 14, 6],
			"to": [8, 14.5, 6.5],
			"rotation": {"angle": 0, "axis": "y", "origin": [7, 17, 8]},
			"faces": {
				"north": {"uv": [11.25, 6, 11.375, 6.125], "texture": "#1"},
				"east": {"uv": [6.25, 11.25, 6.375, 11.375], "texture": "#1"},
				"south": {"uv": [11.25, 6.25, 11.375, 6.375], "texture": "#1"},
				"west": {"uv": [6.5, 11.25, 6.625, 11.375], "texture": "#1"},
				"up": {"uv": [11.375, 6.625, 11.25, 6.5], "texture": "#1"},
				"down": {"uv": [6.875, 11.25, 6.75, 11.375], "texture": "#1"}
			}
		},
		{
			"from": [6.5, 14, 6],
			"to": [7, 14.5, 6.5],
			"rotation": {"angle": 0, "axis": "y", "origin": [7, 17, 8]},
			"faces": {
				"north": {"uv": [11.25, 6.75, 11.375, 6.875], "texture": "#1"},
				"east": {"uv": [7, 11.25, 7.125, 11.375], "texture": "#1"},
				"south": {"uv": [11.25, 7, 11.375, 7.125], "texture": "#1"},
				"west": {"uv": [7.25, 11.25, 7.375, 11.375], "texture": "#1"},
				"up": {"uv": [11.375, 7.375, 11.25, 7.25], "texture": "#1"},
				"down": {"uv": [7.625, 11.25, 7.5, 11.375], "texture": "#1"}
			}
		},
		{
			"from": [6, 15, 6],
			"to": [6.5, 15.5, 6.5],
			"rotation": {"angle": 0, "axis": "y", "origin": [7, 17, 8]},
			"faces": {
				"north": {"uv": [11.25, 7.5, 11.375, 7.625], "texture": "#1"},
				"east": {"uv": [7.75, 11.25, 7.875, 11.375], "texture": "#1"},
				"south": {"uv": [11.25, 7.75, 11.375, 7.875], "texture": "#1"},
				"west": {"uv": [8, 11.25, 8.125, 11.375], "texture": "#1"},
				"up": {"uv": [11.375, 8.125, 11.25, 8], "texture": "#1"},
				"down": {"uv": [8.375, 11.25, 8.25, 11.375], "texture": "#1"}
			}
		},
		{
			"from": [6.5, 15, 6],
			"to": [7, 15.5, 6.5],
			"rotation": {"angle": 0, "axis": "y", "origin": [7, 17, 8]},
			"faces": {
				"north": {"uv": [11.25, 8.25, 11.375, 8.375], "texture": "#1"},
				"east": {"uv": [8.5, 11.25, 8.625, 11.375], "texture": "#1"},
				"south": {"uv": [11.25, 8.5, 11.375, 8.625], "texture": "#1"},
				"west": {"uv": [8.75, 11.25, 8.875, 11.375], "texture": "#1"},
				"up": {"uv": [11.375, 8.875, 11.25, 8.75], "texture": "#1"},
				"down": {"uv": [9.125, 11.25, 9, 11.375], "texture": "#1"}
			}
		},
		{
			"from": [7, 15, 6],
			"to": [7.5, 15.5, 6.5],
			"rotation": {"angle": 0, "axis": "y", "origin": [7, 17, 8]},
			"faces": {
				"north": {"uv": [11.25, 9, 11.375, 9.125], "texture": "#1"},
				"east": {"uv": [9.25, 11.25, 9.375, 11.375], "texture": "#1"},
				"south": {"uv": [11.25, 9.25, 11.375, 9.375], "texture": "#1"},
				"west": {"uv": [9.5, 11.25, 9.625, 11.375], "texture": "#1"},
				"up": {"uv": [11.375, 9.625, 11.25, 9.5], "texture": "#1"},
				"down": {"uv": [9.875, 11.25, 9.75, 11.375], "texture": "#1"}
			}
		},
		{
			"from": [7.5, 15, 6],
			"to": [8, 15.5, 6.5],
			"rotation": {"angle": 0, "axis": "y", "origin": [7, 17, 8]},
			"faces": {
				"north": {"uv": [11.25, 9.75, 11.375, 9.875], "texture": "#1"},
				"east": {"uv": [10, 11.25, 10.125, 11.375], "texture": "#1"},
				"south": {"uv": [11.25, 10, 11.375, 10.125], "texture": "#1"},
				"west": {"uv": [10.25, 11.25, 10.375, 11.375], "texture": "#1"},
				"up": {"uv": [11.375, 10.375, 11.25, 10.25], "texture": "#1"},
				"down": {"uv": [10.625, 11.25, 10.5, 11.375], "texture": "#1"}
			}
		},
		{
			"from": [6, 16, 6],
			"to": [6.5, 16.5, 6.5],
			"rotation": {"angle": 0, "axis": "y", "origin": [7, 17, 8]},
			"faces": {
				"north": {"uv": [11.25, 10.5, 11.375, 10.625], "texture": "#1"},
				"east": {"uv": [10.75, 11.25, 10.875, 11.375], "texture": "#1"},
				"south": {"uv": [11.25, 10.75, 11.375, 10.875], "texture": "#1"},
				"west": {"uv": [11, 11.25, 11.125, 11.375], "texture": "#1"},
				"up": {"uv": [11.375, 11.125, 11.25, 11], "texture": "#1"},
				"down": {"uv": [11.375, 11.25, 11.25, 11.375], "texture": "#1"}
			}
		},
		{
			"from": [6.5, 16, 6],
			"to": [7, 16.5, 6.5],
			"rotation": {"angle": 0, "axis": "y", "origin": [7, 17, 8]},
			"faces": {
				"north": {"uv": [0, 11.5, 0.125, 11.625], "texture": "#1"},
				"east": {"uv": [11.5, 0, 11.625, 0.125], "texture": "#1"},
				"south": {"uv": [0.25, 11.5, 0.375, 11.625], "texture": "#1"},
				"west": {"uv": [11.5, 0.25, 11.625, 0.375], "texture": "#1"},
				"up": {"uv": [0.625, 11.625, 0.5, 11.5], "texture": "#1"},
				"down": {"uv": [11.625, 0.5, 11.5, 0.625], "texture": "#1"}
			}
		},
		{
			"from": [7, 16, 6],
			"to": [7.5, 16.5, 6.5],
			"rotation": {"angle": 0, "axis": "y", "origin": [7, 17, 8]},
			"faces": {
				"north": {"uv": [0.75, 11.5, 0.875, 11.625], "texture": "#1"},
				"east": {"uv": [11.5, 0.75, 11.625, 0.875], "texture": "#1"},
				"south": {"uv": [1, 11.5, 1.125, 11.625], "texture": "#1"},
				"west": {"uv": [11.5, 1, 11.625, 1.125], "texture": "#1"},
				"up": {"uv": [1.375, 11.625, 1.25, 11.5], "texture": "#1"},
				"down": {"uv": [11.625, 1.25, 11.5, 1.375], "texture": "#1"}
			}
		},
		{
			"from": [7.5, 16, 6],
			"to": [8, 16.5, 6.5],
			"rotation": {"angle": 0, "axis": "y", "origin": [7, 17, 8]},
			"faces": {
				"north": {"uv": [1.5, 11.5, 1.625, 11.625], "texture": "#1"},
				"east": {"uv": [11.5, 1.5, 11.625, 1.625], "texture": "#1"},
				"south": {"uv": [1.75, 11.5, 1.875, 11.625], "texture": "#1"},
				"west": {"uv": [11.5, 1.75, 11.625, 1.875], "texture": "#1"},
				"up": {"uv": [2.125, 11.625, 2, 11.5], "texture": "#1"},
				"down": {"uv": [11.625, 2, 11.5, 2.125], "texture": "#1"}
			}
		},
		{
			"from": [6, 17, 6],
			"to": [6.5, 17.5, 6.5],
			"rotation": {"angle": 0, "axis": "y", "origin": [7, 17, 8]},
			"faces": {
				"north": {"uv": [2.25, 11.5, 2.375, 11.625], "texture": "#1"},
				"east": {"uv": [11.5, 2.25, 11.625, 2.375], "texture": "#1"},
				"south": {"uv": [2.5, 11.5, 2.625, 11.625], "texture": "#1"},
				"west": {"uv": [11.5, 2.5, 11.625, 2.625], "texture": "#1"},
				"up": {"uv": [2.875, 11.625, 2.75, 11.5], "texture": "#1"},
				"down": {"uv": [11.625, 2.75, 11.5, 2.875], "texture": "#1"}
			}
		},
		{
			"from": [6.5, 17, 6],
			"to": [7, 17.5, 6.5],
			"rotation": {"angle": 0, "axis": "y", "origin": [7, 17, 8]},
			"faces": {
				"north": {"uv": [11.5, 3, 11.625, 3.125], "texture": "#1"},
				"east": {"uv": [11.5, 3.25, 11.625, 3.375], "texture": "#1"},
				"south": {"uv": [11.5, 3.5, 11.625, 3.625], "texture": "#1"},
				"west": {"uv": [11.5, 3.75, 11.625, 3.875], "texture": "#1"},
				"up": {"uv": [11.625, 4.125, 11.5, 4], "texture": "#1"},
				"down": {"uv": [11.625, 4.25, 11.5, 4.375], "texture": "#1"}
			}
		},
		{
			"from": [6, 17.5, 6],
			"to": [6.5, 18, 6.5],
			"rotation": {"angle": 0, "axis": "y", "origin": [7, 17, 8]},
			"faces": {
				"north": {"uv": [11.5, 4.5, 11.625, 4.625], "texture": "#1"},
				"east": {"uv": [4.75, 11.5, 4.875, 11.625], "texture": "#1"},
				"south": {"uv": [11.5, 4.75, 11.625, 4.875], "texture": "#1"},
				"west": {"uv": [11.5, 5, 11.625, 5.125], "texture": "#1"},
				"up": {"uv": [5.375, 11.625, 5.25, 11.5], "texture": "#1"},
				"down": {"uv": [11.625, 5.25, 11.5, 5.375], "texture": "#1"}
			}
		},
		{
			"from": [6.5, 17.5, 6],
			"to": [7, 18, 6.5],
			"rotation": {"angle": 0, "axis": "y", "origin": [7, 17, 8]},
			"faces": {
				"north": {"uv": [5.5, 11.5, 5.625, 11.625], "texture": "#1"},
				"east": {"uv": [11.5, 5.5, 11.625, 5.625], "texture": "#1"},
				"south": {"uv": [5.75, 11.5, 5.875, 11.625], "texture": "#1"},
				"west": {"uv": [11.5, 5.75, 11.625, 5.875], "texture": "#1"},
				"up": {"uv": [6.125, 11.625, 6, 11.5], "texture": "#1"},
				"down": {"uv": [11.625, 6, 11.5, 6.125], "texture": "#1"}
			}
		},
		{
			"from": [6, 16.5, 6],
			"to": [6.5, 17, 6.5],
			"rotation": {"angle": 0, "axis": "y", "origin": [7, 17, 8]},
			"faces": {
				"north": {"uv": [6.25, 11.5, 6.375, 11.625], "texture": "#1"},
				"east": {"uv": [11.5, 6.25, 11.625, 6.375], "texture": "#1"},
				"south": {"uv": [6.5, 11.5, 6.625, 11.625], "texture": "#1"},
				"west": {"uv": [11.5, 6.5, 11.625, 6.625], "texture": "#1"},
				"up": {"uv": [6.875, 11.625, 6.75, 11.5], "texture": "#1"},
				"down": {"uv": [11.625, 6.75, 11.5, 6.875], "texture": "#1"}
			}
		},
		{
			"from": [6.5, 16.5, 6],
			"to": [7, 17, 6.5],
			"rotation": {"angle": 0, "axis": "y", "origin": [7, 17, 8]},
			"faces": {
				"north": {"uv": [7, 11.5, 7.125, 11.625], "texture": "#1"},
				"east": {"uv": [11.5, 7, 11.625, 7.125], "texture": "#1"},
				"south": {"uv": [7.25, 11.5, 7.375, 11.625], "texture": "#1"},
				"west": {"uv": [11.5, 7.25, 11.625, 7.375], "texture": "#1"},
				"up": {"uv": [7.625, 11.625, 7.5, 11.5], "texture": "#1"},
				"down": {"uv": [11.625, 7.5, 11.5, 7.625], "texture": "#1"}
			}
		},
		{
			"from": [7, 16.5, 6],
			"to": [7.5, 17, 6.5],
			"rotation": {"angle": 0, "axis": "y", "origin": [7, 17, 8]},
			"faces": {
				"north": {"uv": [7.75, 11.5, 7.875, 11.625], "texture": "#1"},
				"east": {"uv": [11.5, 7.75, 11.625, 7.875], "texture": "#1"},
				"south": {"uv": [8, 11.5, 8.125, 11.625], "texture": "#1"},
				"west": {"uv": [11.5, 8, 11.625, 8.125], "texture": "#1"},
				"up": {"uv": [8.375, 11.625, 8.25, 11.5], "texture": "#1"},
				"down": {"uv": [11.625, 8.25, 11.5, 8.375], "texture": "#1"}
			}
		},
		{
			"from": [6, 15.5, 6],
			"to": [6.5, 16, 6.5],
			"rotation": {"angle": 0, "axis": "y", "origin": [7, 17, 8]},
			"faces": {
				"north": {"uv": [8.5, 11.5, 8.625, 11.625], "texture": "#1"},
				"east": {"uv": [11.5, 8.5, 11.625, 8.625], "texture": "#1"},
				"south": {"uv": [8.75, 11.5, 8.875, 11.625], "texture": "#1"},
				"west": {"uv": [11.5, 8.75, 11.625, 8.875], "texture": "#1"},
				"up": {"uv": [9.125, 11.625, 9, 11.5], "texture": "#1"},
				"down": {"uv": [11.625, 9, 11.5, 9.125], "texture": "#1"}
			}
		},
		{
			"from": [6.5, 15.5, 6],
			"to": [7, 16, 6.5],
			"rotation": {"angle": 0, "axis": "y", "origin": [7, 17, 8]},
			"faces": {
				"north": {"uv": [9.25, 11.5, 9.375, 11.625], "texture": "#1"},
				"east": {"uv": [11.5, 9.25, 11.625, 9.375], "texture": "#1"},
				"south": {"uv": [9.5, 11.5, 9.625, 11.625], "texture": "#1"},
				"west": {"uv": [11.5, 9.5, 11.625, 9.625], "texture": "#1"},
				"up": {"uv": [9.875, 11.625, 9.75, 11.5], "texture": "#1"},
				"down": {"uv": [11.625, 9.75, 11.5, 9.875], "texture": "#1"}
			}
		},
		{
			"from": [7, 15.5, 6],
			"to": [7.5, 16, 6.5],
			"rotation": {"angle": 0, "axis": "y", "origin": [7, 17, 8]},
			"faces": {
				"north": {"uv": [10, 11.5, 10.125, 11.625], "texture": "#1"},
				"east": {"uv": [11.5, 10, 11.625, 10.125], "texture": "#1"},
				"south": {"uv": [10.25, 11.5, 10.375, 11.625], "texture": "#1"},
				"west": {"uv": [11.5, 10.25, 11.625, 10.375], "texture": "#1"},
				"up": {"uv": [10.625, 11.625, 10.5, 11.5], "texture": "#1"},
				"down": {"uv": [11.625, 10.5, 11.5, 10.625], "texture": "#1"}
			}
		},
		{
			"from": [7.5, 15.5, 6],
			"to": [8, 16, 6.5],
			"rotation": {"angle": 0, "axis": "y", "origin": [7, 17, 8]},
			"faces": {
				"north": {"uv": [10.75, 11.5, 10.875, 11.625], "texture": "#1"},
				"east": {"uv": [11.5, 10.75, 11.625, 10.875], "texture": "#1"},
				"south": {"uv": [11, 11.5, 11.125, 11.625], "texture": "#1"},
				"west": {"uv": [11.5, 11, 11.625, 11.125], "texture": "#1"},
				"up": {"uv": [11.375, 11.625, 11.25, 11.5], "texture": "#1"},
				"down": {"uv": [11.625, 11.25, 11.5, 11.375], "texture": "#1"}
			}
		},
		{
			"from": [6, 14.5, 6],
			"to": [6.5, 15, 6.5],
			"rotation": {"angle": 0, "axis": "y", "origin": [7, 17, 8]},
			"faces": {
				"north": {"uv": [11.5, 11.5, 11.625, 11.625], "texture": "#1"},
				"east": {"uv": [0, 11.75, 0.125, 11.875], "texture": "#1"},
				"south": {"uv": [11.75, 0, 11.875, 0.125], "texture": "#1"},
				"west": {"uv": [0.25, 11.75, 0.375, 11.875], "texture": "#1"},
				"up": {"uv": [11.875, 0.375, 11.75, 0.25], "texture": "#1"},
				"down": {"uv": [0.625, 11.75, 0.5, 11.875], "texture": "#1"}
			}
		},
		{
			"from": [6.5, 14.5, 6],
			"to": [7, 15, 6.5],
			"rotation": {"angle": 0, "axis": "y", "origin": [7, 17, 8]},
			"faces": {
				"north": {"uv": [11.75, 0.5, 11.875, 0.625], "texture": "#1"},
				"east": {"uv": [0.75, 11.75, 0.875, 11.875], "texture": "#1"},
				"south": {"uv": [11.75, 0.75, 11.875, 0.875], "texture": "#1"},
				"west": {"uv": [1, 11.75, 1.125, 11.875], "texture": "#1"},
				"up": {"uv": [11.875, 1.125, 11.75, 1], "texture": "#1"},
				"down": {"uv": [1.375, 11.75, 1.25, 11.875], "texture": "#1"}
			}
		},
		{
			"from": [7, 14.5, 6],
			"to": [7.5, 15, 6.5],
			"rotation": {"angle": 0, "axis": "y", "origin": [7, 17, 8]},
			"faces": {
				"north": {"uv": [11.75, 1.25, 11.875, 1.375], "texture": "#1"},
				"east": {"uv": [1.5, 11.75, 1.625, 11.875], "texture": "#1"},
				"south": {"uv": [11.75, 1.5, 11.875, 1.625], "texture": "#1"},
				"west": {"uv": [1.75, 11.75, 1.875, 11.875], "texture": "#1"},
				"up": {"uv": [11.875, 1.875, 11.75, 1.75], "texture": "#1"},
				"down": {"uv": [2.125, 11.75, 2, 11.875], "texture": "#1"}
			}
		},
		{
			"from": [8, 14.5, 6],
			"to": [8.5, 15, 6.5],
			"rotation": {"angle": 0, "axis": "y", "origin": [7, 17, 8]},
			"faces": {
				"north": {"uv": [11.75, 2, 11.875, 2.125], "texture": "#1"},
				"east": {"uv": [2.25, 11.75, 2.375, 11.875], "texture": "#1"},
				"south": {"uv": [11.75, 2.25, 11.875, 2.375], "texture": "#1"},
				"west": {"uv": [2.5, 11.75, 2.625, 11.875], "texture": "#1"},
				"up": {"uv": [11.875, 2.625, 11.75, 2.5], "texture": "#1"},
				"down": {"uv": [2.875, 11.75, 2.75, 11.875], "texture": "#1"}
			}
		},
		{
			"from": [7.5, 14.5, 6],
			"to": [8, 15, 6.5],
			"rotation": {"angle": 0, "axis": "y", "origin": [7, 17, 8]},
			"faces": {
				"north": {"uv": [11.75, 2.75, 11.875, 2.875], "texture": "#1"},
				"east": {"uv": [11.75, 3, 11.875, 3.125], "texture": "#1"},
				"south": {"uv": [11.75, 3.25, 11.875, 3.375], "texture": "#1"},
				"west": {"uv": [11.75, 3.5, 11.875, 3.625], "texture": "#1"},
				"up": {"uv": [11.875, 3.875, 11.75, 3.75], "texture": "#1"},
				"down": {"uv": [11.875, 4, 11.75, 4.125], "texture": "#1"}
			}
		},
		{
			"from": [6.5, 13.5, 6],
			"to": [7, 14, 6.5],
			"rotation": {"angle": 0, "axis": "y", "origin": [7, 17, 8]},
			"faces": {
				"north": {"uv": [11.75, 4.25, 11.875, 4.375], "texture": "#1"},
				"east": {"uv": [11.75, 4.5, 11.875, 4.625], "texture": "#1"},
				"south": {"uv": [4.75, 11.75, 4.875, 11.875], "texture": "#1"},
				"west": {"uv": [11.75, 4.75, 11.875, 4.875], "texture": "#1"},
				"up": {"uv": [11.875, 5.125, 11.75, 5], "texture": "#1"},
				"down": {"uv": [5.375, 11.75, 5.25, 11.875], "texture": "#1"}
			}
		},
		{
			"from": [7.5, 13.5, 6],
			"to": [8, 14, 6.5],
			"rotation": {"angle": 0, "axis": "y", "origin": [7, 17, 8]},
			"faces": {
				"north": {"uv": [11.75, 5.25, 11.875, 5.375], "texture": "#1"},
				"east": {"uv": [5.5, 11.75, 5.625, 11.875], "texture": "#1"},
				"south": {"uv": [11.75, 5.5, 11.875, 5.625], "texture": "#1"},
				"west": {"uv": [5.75, 11.75, 5.875, 11.875], "texture": "#1"},
				"up": {"uv": [11.875, 5.875, 11.75, 5.75], "texture": "#1"},
				"down": {"uv": [6.125, 11.75, 6, 11.875], "texture": "#1"}
			}
		},
		{
			"from": [8.5, 13.5, 6],
			"to": [9, 14, 6.5],
			"rotation": {"angle": 0, "axis": "y", "origin": [7, 17, 8]},
			"faces": {
				"north": {"uv": [11.75, 6, 11.875, 6.125], "texture": "#1"},
				"east": {"uv": [6.25, 11.75, 6.375, 11.875], "texture": "#1"},
				"south": {"uv": [11.75, 6.25, 11.875, 6.375], "texture": "#1"},
				"west": {"uv": [6.5, 11.75, 6.625, 11.875], "texture": "#1"},
				"up": {"uv": [11.875, 6.625, 11.75, 6.5], "texture": "#1"},
				"down": {"uv": [6.875, 11.75, 6.75, 11.875], "texture": "#1"}
			}
		},
		{
			"from": [8, 13.5, 6],
			"to": [8.5, 14, 6.5],
			"rotation": {"angle": 0, "axis": "y", "origin": [7, 17, 8]},
			"faces": {
				"north": {"uv": [11.75, 6.75, 11.875, 6.875], "texture": "#1"},
				"east": {"uv": [7, 11.75, 7.125, 11.875], "texture": "#1"},
				"south": {"uv": [11.75, 7, 11.875, 7.125], "texture": "#1"},
				"west": {"uv": [7.25, 11.75, 7.375, 11.875], "texture": "#1"},
				"up": {"uv": [11.875, 7.375, 11.75, 7.25], "texture": "#1"},
				"down": {"uv": [7.625, 11.75, 7.5, 11.875], "texture": "#1"}
			}
		},
		{
			"from": [7, 13.5, 6],
			"to": [7.5, 14, 6.5],
			"rotation": {"angle": 0, "axis": "y", "origin": [7, 17, 8]},
			"faces": {
				"north": {"uv": [11.75, 7.5, 11.875, 7.625], "texture": "#1"},
				"east": {"uv": [7.75, 11.75, 7.875, 11.875], "texture": "#1"},
				"south": {"uv": [11.75, 7.75, 11.875, 7.875], "texture": "#1"},
				"west": {"uv": [8, 11.75, 8.125, 11.875], "texture": "#1"},
				"up": {"uv": [11.875, 8.125, 11.75, 8], "texture": "#1"},
				"down": {"uv": [8.375, 11.75, 8.25, 11.875], "texture": "#1"}
			}
		},
		{
			"from": [6.5, 18, 6],
			"to": [7, 18.5, 6.5],
			"rotation": {"angle": 0, "axis": "y", "origin": [7, 17, 8]},
			"faces": {
				"north": {"uv": [11.75, 8.25, 11.875, 8.375], "texture": "#1"},
				"east": {"uv": [8.5, 11.75, 8.625, 11.875], "texture": "#1"},
				"south": {"uv": [11.75, 8.5, 11.875, 8.625], "texture": "#1"},
				"west": {"uv": [8.75, 11.75, 8.875, 11.875], "texture": "#1"},
				"up": {"uv": [11.875, 8.875, 11.75, 8.75], "texture": "#1"},
				"down": {"uv": [9.125, 11.75, 9, 11.875], "texture": "#1"}
			}
		},
		{
			"from": [5.5, 14.5, 6],
			"to": [6, 15, 6.5],
			"rotation": {"angle": 0, "axis": "y", "origin": [7, 17, 8]},
			"faces": {
				"north": {"uv": [11.75, 9, 11.875, 9.125], "texture": "#1"},
				"east": {"uv": [9.25, 11.75, 9.375, 11.875], "texture": "#1"},
				"south": {"uv": [11.75, 9.25, 11.875, 9.375], "texture": "#1"},
				"west": {"uv": [9.5, 11.75, 9.625, 11.875], "texture": "#1"},
				"up": {"uv": [11.875, 9.625, 11.75, 9.5], "texture": "#1"},
				"down": {"uv": [9.875, 11.75, 9.75, 11.875], "texture": "#1"}
			}
		},
		{
			"from": [5.5, 15.5, 6],
			"to": [6, 16, 6.5],
			"rotation": {"angle": 0, "axis": "y", "origin": [7, 17, 8]},
			"faces": {
				"north": {"uv": [11.75, 9.75, 11.875, 9.875], "texture": "#1"},
				"east": {"uv": [10, 11.75, 10.125, 11.875], "texture": "#1"},
				"south": {"uv": [11.75, 10, 11.875, 10.125], "texture": "#1"},
				"west": {"uv": [10.25, 11.75, 10.375, 11.875], "texture": "#1"},
				"up": {"uv": [11.875, 10.375, 11.75, 10.25], "texture": "#1"},
				"down": {"uv": [10.625, 11.75, 10.5, 11.875], "texture": "#1"}
			}
		},
		{
			"from": [5.5, 16.5, 6],
			"to": [6, 17, 6.5],
			"rotation": {"angle": 0, "axis": "y", "origin": [7, 17, 8]},
			"faces": {
				"north": {"uv": [11.75, 10.5, 11.875, 10.625], "texture": "#1"},
				"east": {"uv": [10.75, 11.75, 10.875, 11.875], "texture": "#1"},
				"south": {"uv": [11.75, 10.75, 11.875, 10.875], "texture": "#1"},
				"west": {"uv": [11, 11.75, 11.125, 11.875], "texture": "#1"},
				"up": {"uv": [11.875, 11.125, 11.75, 11], "texture": "#1"},
				"down": {"uv": [11.375, 11.75, 11.25, 11.875], "texture": "#1"}
			}
		},
		{
			"from": [5.5, 17, 6],
			"to": [6, 17.5, 6.5],
			"rotation": {"angle": 0, "axis": "y", "origin": [7, 17, 8]},
			"faces": {
				"north": {"uv": [11.75, 11.25, 11.875, 11.375], "texture": "#1"},
				"east": {"uv": [11.5, 11.75, 11.625, 11.875], "texture": "#1"},
				"south": {"uv": [11.75, 11.5, 11.875, 11.625], "texture": "#1"},
				"west": {"uv": [11.75, 11.75, 11.875, 11.875], "texture": "#1"},
				"up": {"uv": [0.125, 12.125, 0, 12], "texture": "#1"},
				"down": {"uv": [12.125, 0, 12, 0.125], "texture": "#1"}
			}
		},
		{
			"from": [5.5, 15, 6],
			"to": [6, 15.5, 6.5],
			"rotation": {"angle": 0, "axis": "y", "origin": [7, 17, 8]},
			"faces": {
				"north": {"uv": [0.25, 12, 0.375, 12.125], "texture": "#1"},
				"east": {"uv": [12, 0.25, 12.125, 0.375], "texture": "#1"},
				"south": {"uv": [0.5, 12, 0.625, 12.125], "texture": "#1"},
				"west": {"uv": [12, 0.5, 12.125, 0.625], "texture": "#1"},
				"up": {"uv": [0.875, 12.125, 0.75, 12], "texture": "#1"},
				"down": {"uv": [12.125, 0.75, 12, 0.875], "texture": "#1"}
			}
		},
		{
			"from": [5.5, 16, 6],
			"to": [6, 16.5, 6.5],
			"rotation": {"angle": 0, "axis": "y", "origin": [7, 17, 8]},
			"faces": {
				"north": {"uv": [1, 12, 1.125, 12.125], "texture": "#1"},
				"east": {"uv": [12, 1, 12.125, 1.125], "texture": "#1"},
				"south": {"uv": [1.25, 12, 1.375, 12.125], "texture": "#1"},
				"west": {"uv": [12, 1.25, 12.125, 1.375], "texture": "#1"},
				"up": {"uv": [1.625, 12.125, 1.5, 12], "texture": "#1"},
				"down": {"uv": [12.125, 1.5, 12, 1.625], "texture": "#1"}
			}
		},
		{
			"from": [8.5, 14.5, 6],
			"to": [9, 15, 6.5],
			"rotation": {"angle": 0, "axis": "y", "origin": [7, 17, 8]},
			"faces": {
				"north": {"uv": [1.75, 12, 1.875, 12.125], "texture": "#1"},
				"east": {"uv": [12, 1.75, 12.125, 1.875], "texture": "#1"},
				"south": {"uv": [2, 12, 2.125, 12.125], "texture": "#1"},
				"west": {"uv": [12, 2, 12.125, 2.125], "texture": "#1"},
				"up": {"uv": [2.375, 12.125, 2.25, 12], "texture": "#1"},
				"down": {"uv": [12.125, 2.25, 12, 2.375], "texture": "#1"}
			}
		},
		{
			"from": [7.5, 16.5, 6],
			"to": [8, 17, 6.5],
			"rotation": {"angle": 0, "axis": "y", "origin": [7, 17, 8]},
			"faces": {
				"north": {"uv": [2.5, 12, 2.625, 12.125], "texture": "#1"},
				"east": {"uv": [12, 2.5, 12.125, 2.625], "texture": "#1"},
				"south": {"uv": [2.75, 12, 2.875, 12.125], "texture": "#1"},
				"west": {"uv": [12, 2.75, 12.125, 2.875], "texture": "#1"},
				"up": {"uv": [12.125, 3.125, 12, 3], "texture": "#1"},
				"down": {"uv": [12.125, 3.25, 12, 3.375], "texture": "#1"}
			}
		}
	],
	"display": {
		"thirdperson_righthand": {
			"translation": [0.75, 2, 0],
			"scale": [0.33, 0.33, 0.33]
		},
		"thirdperson_lefthand": {
			"translation": [-0.5, 2.25, 0],
			"scale": [0.33, 0.33, 0.33]
		},
		"firstperson_righthand": {
			"translation": [0, 2.25, 0],
			"scale": [0.33, 0.33, 0.33]
		},
		"firstperson_lefthand": {
			"translation": [0, 2.5, 0],
			"scale": [0.33, 0.33, 0.33]
		},
		"ground": {
			"rotation": [88, 0, 0],
			"translation": [0, -0.25, -3.25],
			"scale": [0.4, 0.4, 0.4]
		},
		"gui": {
			"translation": [1, -3.5, 0],
			"scale": [0.45, 0.45, 0.45]
		},
		"head": {
			"translation": [0, -30.5, 0],
			"scale": [1.6, 1.6, 1.6]
		},
		"fixed": {
			"translation": [1.69, -4.44, -2.57],
			"scale": [0.65, 0.65, 0.65]
		}
	},
	"groups": [
		{
			"name": "bottom",
			"origin": [8, 8, 8],
			"color": 0,
			"children": [
				{
					"name": "tdoor",
					"origin": [0, 0, -1],
					"color": 4,
					"children": [0, 1, 2, 3, 4, 5, 6, 7, 8, 9, 10, 11, 12, 13, 14, 15, 16, 17]
				},
				{
					"name": "tframe",
					"origin": [0, -1.5, 5],
					"color": 0,
					"children": [18, 19, 20, 21, 22, 23, 24, 25, 26, 27, 28, 29, 30, 31, 32, 33, 34, 35, 36, 37]
				},
				{
					"name": "tframe",
					"origin": [0, -1.5, 5],
					"color": 0,
					"children": [38, 39, 40, 41, 42, 43, 44, 45, 46, 47, 48, 49, 50, 51, 52, 53, 54, 55, 56, 57]
				},
				{
					"name": "bbutton top",
					"origin": [7, 15, 5.5],
					"color": 0,
					"children": [58, 59, 60, 61, 62, 63, 64, 65, 66, 67, 68, 69, 70, 71, 72, 73, 74, 75, 76, 77, 78, 79, 80, 81, 82, 83, 84, 85, 86, 87, 88, 89, 90, 91, 92, 93, 94, 95, 96, 97, 98, 99, 100, 101]
				},
				{
					"name": "abutton top",
					"origin": [7, 15, 5.5],
					"color": 0,
					"children": [102, 103, 104, 105, 106, 107, 108, 109, 110, 111, 112, 113, 114, 115, 116, 117, 118, 119, 120, 121, 122, 123, 124, 125, 126, 127, 128, 129, 130, 131, 132, 133, 134, 135, 136, 137, 138, 139, 140, 141, 142, 143, 144, 145]
				}
			]
		}
	]
}