{
	"credit": "Made with Blockbench",
	"texture_size": [32, 32],
	"textures": {
		"0": "item/junctionboxmain",
		"1": "item/junctionboxpanel",
		"particle": "item/junctionboxmain"
	},
	"elements": [
		{
			"from": [4, 0, 7],
			"to": [14, 12, 11],
			"rotation": {"angle": 0, "axis": "y", "origin": [9, 6, 9]},
			"faces": {
				"north": {"uv": [2, 2, 7, 8], "texture": "#0"},
				"east": {"uv": [0, 2, 2, 8], "texture": "#0"},
				"south": {"uv": [9, 2, 14, 8], "texture": "#0"},
				"west": {"uv": [7, 2, 9, 8], "texture": "#0"},
				"up": {"uv": [7, 2, 2, 0], "texture": "#0"},
				"down": {"uv": [12, 0, 7, 2], "texture": "#0"}
			}
		},
		{
			"from": [3.4, 8, 6.6],
			"to": [4.4, 11, 7.6],
			"rotation": {"angle": 0, "axis": "y", "origin": [9, 0, 9]},
			"faces": {
				"north": {"uv": [2.5, 8.5, 3, 10], "texture": "#0"},
				"east": {"uv": [2, 8.5, 2.5, 10], "texture": "#0"},
				"south": {"uv": [3.5, 8.5, 4, 10], "texture": "#0"},
				"west": {"uv": [3, 8.5, 3.5, 10], "texture": "#0"},
				"up": {"uv": [3, 8.5, 2.5, 8], "texture": "#0"},
				"down": {"uv": [3.5, 8, 3, 8.5], "texture": "#0"}
			}
		},
		{
			"from": [3.4, 1, 6.6],
			"to": [4.4, 4, 7.6],
			"rotation": {"angle": 0, "axis": "y", "origin": [9, 0, 9]},
			"faces": {
				"north": {"uv": [4.5, 8.5, 5, 10], "texture": "#0"},
				"east": {"uv": [4, 8.5, 4.5, 10], "texture": "#0"},
				"south": {"uv": [5.5, 8.5, 6, 10], "texture": "#0"},
				"west": {"uv": [5, 8.5, 5.5, 10], "texture": "#0"},
				"up": {"uv": [5, 8.5, 4.5, 8], "texture": "#0"},
				"down": {"uv": [5.5, 8, 5, 8.5], "texture": "#0"}
			}
		},
		{
			"from": [12.2, 5, 5.6],
			"to": [13.24, 8.1, 6.6],
			"rotation": {"angle": 0, "axis": "y", "origin": [9, 0, 9]},
			"faces": {
				"north": {"uv": [0.5, 8.5, 1, 10], "texture": "#0"},
				"east": {"uv": [0, 8.5, 0.5, 10], "texture": "#0"},
				"south": {"uv": [1.5, 8.5, 2, 10], "texture": "#0"},
				"west": {"uv": [1, 8.5, 1.5, 10], "texture": "#0"},
				"up": {"uv": [1, 8.5, 0.5, 8], "texture": "#0"},
				"down": {"uv": [1.5, 8, 1, 8.5], "texture": "#0"}
			}
		},
		{
			"from": [3.7, -0.3, 6],
			"to": [14.3, 12.3, 7],
			"rotation": {"angle": 0, "axis": "y", "origin": [9, 0, 9]},
			"faces": {
				"north": {"uv": [0.5, 0.5, 5.5, 6.5], "texture": "#1"},
				"east": {"uv": [0, 0.5, 0.5, 6.5], "texture": "#1"},
				"south": {"uv": [6, 0.5, 11, 6.5], "texture": "#1"},
				"west": {"uv": [5.5, 0.5, 6, 6.5], "texture": "#1"},
				"up": {"uv": [5.5, 0.5, 0.5, 0], "texture": "#1"},
				"down": {"uv": [10.5, 0, 5.5, 0.5], "texture": "#1"}
			}
		}
	],
	"display": {
		"thirdperson_righthand": {
			"rotation": [-1.5, 180, 0],
			"translation": [0, 2.75, 1],
			"scale": [0.34, 0.34, 0.34]
		},
		"thirdperson_lefthand": {
			"rotation": [0, 180, 0],
			"translation": [0, 2.75, 1],
			"scale": [0.34, 0.34, 0.34]
		},
		"firstperson_righthand": {
			"rotation": [0, 180, 0],
			"translation": [0, 3.5, 0],
			"scale": [0.6, 0.6, 0.6]
		},
		"firstperson_lefthand": {
			"rotation": [0, 180, 0],
			"translation": [0, 3.5, 0],
			"scale": [0.6, 0.6, 0.6]
		},
		"ground": {
			"translation": [0, 5.25, 0]
		},
		"gui": {
			"rotation": [0, 161, 0],
			"translation": [0.75, 1.75, 0]
		},
		"head": {
			"rotation": [0, 180, 0],
			"translation": [0, 1.75, 6.5]
		},
		"fixed": {
			"translation": [-1.75, 35, -2.25],
			"scale": [2.16, 2.16, 2.16]
		}
	}
}