{
	"credit": "Made with Blockbench",
	"textures": {
		"0": "minecraft:item/keycard_2",
		"particle": "minecraft:item/keycard_2"
	},
	"elements": [
		{
			"from": [5.5, 6.5, 8.9],
			"to": [10.5, 9.5, 9],
			"rotation": {"angle": 0, "axis": "y", "origin": [7, 6, 7]},
			"faces": {
				"north": {"uv": [0, 0, 5, 3], "texture": "#0"},
				"east": {"uv": [4, 7, 4.09375, 10], "texture": "#0"},
				"south": {"uv": [0, 3, 5, 6], "texture": "#0"},
				"west": {"uv": [7, 4, 7.09375, 7], "texture": "#0"},
				"up": {"uv": [7, 6.09375, 2, 6], "texture": "#0"},
				"down": {"uv": [11, 2, 6, 2.09375], "texture": "#0"}
			}
		},
		{
			"from": [7.25, 8.75, 8.8],
			"to": [7.75, 9.75, 9.1],
			"rotation": {"angle": 0, "axis": "y", "origin": [5.5, 7, 7.1]},
			"faces": {
				"north": {"uv": [5, 0, 5.5, 1], "texture": "#0"},
				"east": {"uv": [6, 3, 6.3125, 4], "texture": "#0"},
				"south": {"uv": [5, 1, 5.5, 2], "texture": "#0"},
				"west": {"uv": [6, 4, 6.3125, 5], "texture": "#0"},
				"up": {"uv": [5.5, 7.3125, 5, 7], "texture": "#0"},
				"down": {"uv": [6.5, 7, 6, 7.3125], "texture": "#0"}
			}
		},
		{
			"from": [8.75, 8.75, 8.8],
			"to": [9.25, 9.75, 9.1],
			"rotation": {"angle": 0, "axis": "y", "origin": [7, 7, 7.1]},
			"faces": {
				"north": {"uv": [5, 2, 5.5, 3], "texture": "#0"},
				"east": {"uv": [6, 5, 6.3125, 6], "texture": "#0"},
				"south": {"uv": [5, 3, 5.5, 4], "texture": "#0"},
				"west": {"uv": [0, 7, 0.3125, 8], "texture": "#0"},
				"up": {"uv": [7.5, 7.3125, 7, 7], "texture": "#0"},
				"down": {"uv": [0.5, 8, 0, 8.3125], "texture": "#0"}
			}
		},
		{
			"from": [5.75, 8.75, 8.8],
			"to": [6.25, 9.75, 9.1],
			"rotation": {"angle": 0, "axis": "y", "origin": [4, 7, 7.1]},
			"faces": {
				"north": {"uv": [5, 4, 5.5, 5], "texture": "#0"},
				"east": {"uv": [7, 0, 7.3125, 1], "texture": "#0"},
				"south": {"uv": [5, 5, 5.5, 6], "texture": "#0"},
				"west": {"uv": [1, 7, 1.3125, 8], "texture": "#0"},
				"up": {"uv": [8.5, 0.3125, 8, 0], "texture": "#0"},
				"down": {"uv": [1.5, 8, 1, 8.3125], "texture": "#0"}
			}
		},
		{
			"from": [8, 8.75, 8.8],
			"to": [8.5, 9.75, 9.1],
			"rotation": {"angle": 0, "axis": "y", "origin": [6.3, 7, 7.1]},
			"faces": {
				"north": {"uv": [0, 6, 0.5, 7], "texture": "#0"},
				"east": {"uv": [7, 1, 7.3125, 2], "texture": "#0"},
				"south": {"uv": [6, 0, 6.5, 1], "texture": "#0"},
				"west": {"uv": [2, 7, 2.3125, 8], "texture": "#0"},
				"up": {"uv": [8.5, 1.3125, 8, 1], "texture": "#0"},
				"down": {"uv": [2.5, 8, 2, 8.3125], "texture": "#0"}
			}
		},
		{
			"from": [6.5, 8.75, 8.8],
			"to": [7, 9.75, 9.1],
			"rotation": {"angle": 0, "axis": "y", "origin": [4.8, 7, 7.1]},
			"faces": {
				"north": {"uv": [1, 6, 1.5, 7], "texture": "#0"},
				"east": {"uv": [3, 7, 3.3125, 8], "texture": "#0"},
				"south": {"uv": [6, 1, 6.5, 2], "texture": "#0"},
				"west": {"uv": [7, 3, 7.3125, 4], "texture": "#0"},
				"up": {"uv": [3.5, 8.3125, 3, 8], "texture": "#0"},
				"down": {"uv": [8.5, 3, 8, 3.3125], "texture": "#0"}
			}
		}
	],
	"display": {
		"thirdperson_righthand": {
			"rotation": [-31, 180, 0],
			"translation": [0.25, 2.25, 0.25],
			"scale": [1.24, 1.24, 1.24]
		},
		"thirdperson_lefthand": {
			"rotation": [90, 0, 0],
			"translation": [-6, 1.5, 7.5],
			"scale": [1.24, 1.24, 1.24]
		},
		"firstperson_righthand": {
			"rotation": [0, 180, 0],
			"translation": [0.75, 1.25, 0],
			"scale": [1.65, 1.65, 1.65]
		},
		"firstperson_lefthand": {
			"rotation": [0, 180, 0],
			"translation": [1.25, 1.25, 0],
			"scale": [1.65, 1.65, 1.65]
		},
		"ground": {
			"rotation": [90, 1, 0],
			"translation": [0, -3.5, 0],
			"scale": [1.46, 1.46, 1.46]
		},
		"gui": {
			"rotation": [0, 180, 0],
			"translation": [0, -0.25, 0],
			"scale": [2.7, 2.7, 2.7]
		},
		"head": {
			"translation": [0, 4.75, -8],
			"scale": [1.55, 1.55, 1.55]
		},
		"fixed": {
			"translation": [0, 0.5, -3],
			"scale": [2, 2, 2]
		}
	},
	"groups": [
		{
			"name": "card",
			"origin": [8, 8, 8],
			"color": 0,
			"children": [0, 1, 2, 3, 4, 5]
		}
	]
}