{
	"credit": "Made with Blockbench",
	"textures": {
		"0": "minecraft:item/light",
		"particle": "minecraft:item/light
	},
	"elements": [
		{
			"from": [0, -0.5, 0],
			"to": [16, 0, 16],
			"rotation": {"angle": 0, "axis": "y", "origin": [7, 0, 6]},
			"faces": {
				"north": {"uv": [0, 0.5, 16, 0.75], "texture": "#0"},
				"east": {"uv": [0, 0.5, 16, 0.75], "texture": "#0"},
				"south": {"uv": [0, 0.5, 16, 0.75], "texture": "#0"},
				"west": {"uv": [0, 0.5, 16, 0.75], "texture": "#0"},
				"up": {"uv": [0.45714, 0.45715, 15.54286, 15.54286], "texture": "#0"},
				"down": {"uv": [0, 0, 0.45714, 15.08571], "texture": "#0"}
			}
		},
		{
			"from": [-0.75, -0.5, 16],
			"to": [16.75, 0.5, 16.75],
			"rotation": {"angle": 0, "axis": "y", "origin": [7, 0.25, 7]},
			"faces": {
				"north": {"uv": [0, 0.04286, 16, 0.29286], "texture": "#0"},
				"east": {"uv": [0, 0.27143, 12.40714, 0], "texture": "#0"},
				"south": {"uv": [0, 0, 16, 0.25], "texture": "#0"},
				"west": {"uv": [0, 0.5, 0.29286, 1.66429], "texture": "#0"},
				"up": {"uv": [3.66429, 0, 7.63571, 0.27143], "texture": "#0"},
				"down": {"uv": [0, 0, 16, 0.29286], "texture": "#0"}
			}
		},
		{
			"from": [-0.75, -0.5, -0.75],
			"to": [16.75, 0.5, 0],
			"rotation": {"angle": 0, "axis": "y", "origin": [7, 0.25, -9.75]},
			"faces": {
				"north": {"uv": [0, 0.04286, 16, 0.29286], "texture": "#0"},
				"east": {"uv": [0, 0.5, 0.29286, 1.43571], "texture": "#0"},
				"south": {"uv": [0, 0.04286, 16, 0.29286], "texture": "#0"},
				"west": {"uv": [0, 0.72857, 0.29286, 1.20714], "texture": "#0"},
				"up": {"uv": [4.12143, 15.72857, 7.17857, 16], "texture": "#0"},
				"down": {"uv": [0, 0, 16, 0.75], "texture": "#0"}
			}
		},
		{
			"from": [-0.75, -0.5, 0],
			"to": [0, 0.5, 16],
			"rotation": {"angle": 0, "axis": "y", "origin": [7, 0.25, -1.75]},
			"faces": {
				"north": {"uv": [0, 0.5, 0.75, 0.75], "texture": "#0"},
				"east": {"uv": [0, 0, 16, 0.25], "texture": "#0"},
				"south": {"uv": [0, 0.5, 0.75, 0.75], "texture": "#0"},
				"west": {"uv": [0, 0, 16, 0.25], "texture": "#0"},
				"up": {"uv": [0.85714, 15.54286, 2.75, 16], "texture": "#0"},
				"down": {"uv": [0, 0, 0.29286, 16], "texture": "#0"}
			}
		},
		{
			"from": [16, -0.5, 0],
			"to": [16.75, 0.5, 16],
			"rotation": {"angle": 0, "axis": "y", "origin": [23.5, 0.25, -1.75]},
			"faces": {
				"north": {"uv": [0, 0.5, 0.75, 0.75], "texture": "#0"},
				"east": {"uv": [0, 0.04286, 16, 0.29286], "texture": "#0"},
				"south": {"uv": [0, 0.5, 0.75, 0.75], "texture": "#0"},
				"west": {"uv": [0, 0, 16, 0.25], "texture": "#0"},
				"up": {"uv": [7.55, 0, 10.37857, 0.27143], "texture": "#0"},
				"down": {"uv": [0, 0, 0.29286, 16], "texture": "#0"}
			}
		}
	],
	"display": {
		"fixed": {
			"rotation": [-90, 0, 0],
			"translation": [0, 0, -16],
			"scale": [1.98, 1.98, 1.98]
		}
	}
}