{
	"credit": "Made with Blockbench",
	"texture_size": [256, 256],
	"textures": {
		"0": "item/tesla",
		"particle": "item/tesla"
	},
	"elements": [
		{
			"from": [22, -16, 5],
			"to": [32, 24, 11],
			"rotation": {"angle": 0, "axis": "y", "origin": [19, 0, 12]},
			"faces": {
				"north": {"uv": [0.375, 2.6875, 1, 5.1875], "texture": "#0"},
				"east": {"uv": [0, 2.6875, 0.375, 5.1875], "texture": "#0"},
				"south": {"uv": [1.375, 2.6875, 2, 5.1875], "texture": "#0"},
				"west": {"uv": [1, 2.6875, 1.375, 5.1875], "texture": "#0"},
				"up": {"uv": [1, 2.6875, 0.375, 2.3125], "texture": "#0"},
				"down": {"uv": [1.625, 2.3125, 1, 2.6875], "texture": "#0"}
			}
		},
		{
			"from": [-16, -16, 11],
			"to": [-8, 24, 12],
			"rotation": {"angle": 0, "axis": "y", "origin": [-21, 0, 18]},
			"faces": {
				"north": {"uv": [4.0625, 3.25, 4.5625, 5.75], "texture": "#0"},
				"east": {"uv": [4, 3.25, 4.0625, 5.75], "texture": "#0"},
				"south": {"uv": [4.625, 3.25, 5.125, 5.75], "texture": "#0"},
				"west": {"uv": [4.5625, 3.25, 4.625, 5.75], "texture": "#0"},
				"up": {"uv": [4.5625, 3.25, 4.0625, 3.1875], "texture": "#0"},
				"down": {"uv": [5.0625, 3.1875, 4.5625, 3.25], "texture": "#0"}
			}
		},
		{
			"from": [24, -16, 11],
			"to": [32, 24, 12],
			"rotation": {"angle": 0, "axis": "y", "origin": [19, 0, 18]},
			"faces": {
				"north": {"uv": [1.1875, 5.25, 1.6875, 7.75], "texture": "#0"},
				"east": {"uv": [1.125, 5.25, 1.1875, 7.75], "texture": "#0"},
				"south": {"uv": [1.75, 5.25, 2.25, 7.75], "texture": "#0"},
				"west": {"uv": [1.6875, 5.25, 1.75, 7.75], "texture": "#0"},
				"up": {"uv": [1.6875, 5.25, 1.1875, 5.1875], "texture": "#0"},
				"down": {"uv": [2.1875, 5.1875, 1.6875, 5.25], "texture": "#0"}
			}
		},
		{
			"from": [24, -16, 4],
			"to": [32, 24, 5],
			"rotation": {"angle": 0, "axis": "y", "origin": [19, 0, 10]},
			"faces": {
				"north": {"uv": [5.1875, 3.25, 5.6875, 5.75], "texture": "#0"},
				"east": {"uv": [5.125, 3.25, 5.1875, 5.75], "texture": "#0"},
				"south": {"uv": [5.75, 3.25, 6.25, 5.75], "texture": "#0"},
				"west": {"uv": [5.6875, 3.25, 5.75, 5.75], "texture": "#0"},
				"up": {"uv": [5.6875, 3.25, 5.1875, 3.1875], "texture": "#0"},
				"down": {"uv": [6.1875, 3.1875, 5.6875, 3.25], "texture": "#0"}
			}
		},
		{
			"from": [-16, 31, 11],
			"to": [32, 32, 13],
			"rotation": {"angle": 0, "axis": "y", "origin": [-4, 8, 18]},
			"faces": {
				"north": {"uv": [0.125, 1, 3.125, 1.0625], "texture": "#0"},
				"east": {"uv": [0, 1, 0.125, 1.0625], "texture": "#0"},
				"south": {"uv": [3.25, 1, 6.25, 1.0625], "texture": "#0"},
				"west": {"uv": [3.125, 1, 3.25, 1.0625], "texture": "#0"},
				"up": {"uv": [3.125, 1, 0.125, 0.875], "texture": "#0"},
				"down": {"uv": [6.125, 0.875, 3.125, 1], "texture": "#0"}
			}
		},
		{
			"from": [-16, 24, 11],
			"to": [32, 25, 13],
			"rotation": {"angle": 0, "axis": "y", "origin": [-4, 1, 18]},
			"faces": {
				"north": {"uv": [0.125, 1.1875, 3.125, 1.25], "texture": "#0"},
				"east": {"uv": [0, 1.1875, 0.125, 1.25], "texture": "#0"},
				"south": {"uv": [3.25, 1.1875, 6.25, 1.25], "texture": "#0"},
				"west": {"uv": [3.125, 1.1875, 3.25, 1.25], "texture": "#0"},
				"up": {"uv": [3.125, 1.1875, 0.125, 1.0625], "texture": "#0"},
				"down": {"uv": [6.125, 1.0625, 3.125, 1.1875], "texture": "#0"}
			}
		},
		{
			"from": [-16, 24, 3],
			"to": [32, 25, 5],
			"rotation": {"angle": 0, "axis": "y", "origin": [-4, 1, 10]},
			"faces": {
				"north": {"uv": [0.125, 1.5625, 3.125, 1.625], "texture": "#0"},
				"east": {"uv": [0, 1.5625, 0.125, 1.625], "texture": "#0"},
				"south": {"uv": [3.25, 1.5625, 6.25, 1.625], "texture": "#0"},
				"west": {"uv": [3.125, 1.5625, 3.25, 1.625], "texture": "#0"},
				"up": {"uv": [3.125, 1.5625, 0.125, 1.4375], "texture": "#0"},
				"down": {"uv": [6.125, 1.4375, 3.125, 1.5625], "texture": "#0"}
			}
		},
		{
			"from": [19, 25, 11],
			"to": [32, 31, 13],
			"rotation": {"angle": 0, "axis": "y", "origin": [34, 2, 18]},
			"faces": {
				"north": {"uv": [2.375, 6.3125, 3.1875, 6.6875], "texture": "#0"},
				"east": {"uv": [2.25, 6.3125, 2.375, 6.6875], "texture": "#0"},
				"south": {"uv": [3.3125, 6.3125, 4.125, 6.6875], "texture": "#0"},
				"west": {"uv": [3.1875, 6.3125, 3.3125, 6.6875], "texture": "#0"},
				"up": {"uv": [3.1875, 6.3125, 2.375, 6.1875], "texture": "#0"},
				"down": {"uv": [4, 6.1875, 3.1875, 6.3125], "texture": "#0"}
			}
		},
		{
			"from": [-16, 25, 11],
			"to": [-3, 31, 13],
			"rotation": {"angle": 0, "axis": "y", "origin": [-4, 2, 18]},
			"faces": {
				"north": {"uv": [5.25, 5.875, 6.0625, 6.25], "texture": "#0"},
				"east": {"uv": [5.125, 5.875, 5.25, 6.25], "texture": "#0"},
				"south": {"uv": [6.1875, 5.875, 7, 6.25], "texture": "#0"},
				"west": {"uv": [6.0625, 5.875, 6.1875, 6.25], "texture": "#0"},
				"up": {"uv": [6.0625, 5.875, 5.25, 5.75], "texture": "#0"},
				"down": {"uv": [6.875, 5.75, 6.0625, 5.875], "texture": "#0"}
			}
		},
		{
			"from": [-16, 25, 3],
			"to": [-3, 31, 5],
			"rotation": {"angle": 0, "axis": "y", "origin": [-4, 2, 10]},
			"faces": {
				"north": {"uv": [6.375, 3.3125, 7.1875, 3.6875], "texture": "#0"},
				"east": {"uv": [6.25, 3.3125, 6.375, 3.6875], "texture": "#0"},
				"south": {"uv": [7.3125, 3.3125, 8.125, 3.6875], "texture": "#0"},
				"west": {"uv": [7.1875, 3.3125, 7.3125, 3.6875], "texture": "#0"},
				"up": {"uv": [7.1875, 3.3125, 6.375, 3.1875], "texture": "#0"},
				"down": {"uv": [8, 3.1875, 7.1875, 3.3125], "texture": "#0"}
			}
		},
		{
			"from": [19, 25, 3],
			"to": [32, 31, 5],
			"rotation": {"angle": 0, "axis": "y", "origin": [34, 2, 10]},
			"faces": {
				"north": {"uv": [6.375, 1, 7.1875, 1.375], "texture": "#0"},
				"east": {"uv": [6.25, 1, 6.375, 1.375], "texture": "#0"},
				"south": {"uv": [7.3125, 1, 8.125, 1.375], "texture": "#0"},
				"west": {"uv": [7.1875, 1, 7.3125, 1.375], "texture": "#0"},
				"up": {"uv": [7.1875, 1, 6.375, 0.875], "texture": "#0"},
				"down": {"uv": [8, 0.875, 7.1875, 1], "texture": "#0"}
			}
		},
		{
			"from": [-3, 25, 11],
			"to": [19, 31, 12.5],
			"rotation": {"angle": 0, "axis": "y", "origin": [12, 2, 18]},
			"faces": {
				"north": {"uv": [4.8125, 1.6875, 6.1875, 2.0625], "texture": "#0"},
				"east": {"uv": [4.75, 1.6875, 4.8125, 2.0625], "texture": "#0"},
				"south": {"uv": [6.25, 1.6875, 7.625, 2.0625], "texture": "#0"},
				"west": {"uv": [6.1875, 1.6875, 6.25, 2.0625], "texture": "#0"},
				"up": {"uv": [6.1875, 1.6875, 4.8125, 1.625], "texture": "#0"},
				"down": {"uv": [7.5625, 1.625, 6.1875, 1.6875], "texture": "#0"}
			}
		},
		{
			"from": [-3, 25, 3.5],
			"to": [19, 31, 5],
			"rotation": {"angle": 0, "axis": "y", "origin": [12, 2, 10.5]},
			"faces": {
				"north": {"uv": [2.3125, 5.8125, 3.6875, 6.1875], "texture": "#0"},
				"east": {"uv": [2.25, 5.8125, 2.3125, 6.1875], "texture": "#0"},
				"south": {"uv": [3.75, 5.8125, 5.125, 6.1875], "texture": "#0"},
				"west": {"uv": [3.6875, 5.8125, 3.75, 6.1875], "texture": "#0"},
				"up": {"uv": [3.6875, 5.8125, 2.3125, 5.75], "texture": "#0"},
				"down": {"uv": [5.0625, 5.75, 3.6875, 5.8125], "texture": "#0"}
			}
		},
		{
			"from": [-16, 31, 3],
			"to": [32, 32, 5],
			"rotation": {"angle": 0, "axis": "y", "origin": [-4, 8, 10]},
			"faces": {
				"north": {"uv": [0.125, 1.375, 3.125, 1.4375], "texture": "#0"},
				"east": {"uv": [0, 1.375, 0.125, 1.4375], "texture": "#0"},
				"south": {"uv": [3.25, 1.375, 6.25, 1.4375], "texture": "#0"},
				"west": {"uv": [3.125, 1.375, 3.25, 1.4375], "texture": "#0"},
				"up": {"uv": [3.125, 1.375, 0.125, 1.25], "texture": "#0"},
				"down": {"uv": [6.125, 1.25, 3.125, 1.375], "texture": "#0"}
			}
		},
		{
			"from": [-16, -16, 4],
			"to": [-8, 24, 5],
			"rotation": {"angle": 0, "axis": "y", "origin": [-21, 0, 10]},
			"faces": {
				"north": {"uv": [0.0625, 5.25, 0.5625, 7.75], "texture": "#0"},
				"east": {"uv": [0, 5.25, 0.0625, 7.75], "texture": "#0"},
				"south": {"uv": [0.625, 5.25, 1.125, 7.75], "texture": "#0"},
				"west": {"uv": [0.5625, 5.25, 0.625, 7.75], "texture": "#0"},
				"up": {"uv": [0.5625, 5.25, 0.0625, 5.1875], "texture": "#0"},
				"down": {"uv": [1.0625, 5.1875, 0.5625, 5.25], "texture": "#0"}
			}
		},
		{
			"from": [22, 11, 3],
			"to": [24, 22, 5],
			"rotation": {"angle": 0, "axis": "y", "origin": [17, -11, 10]},
			"faces": {
				"north": {"uv": [7.125, 7.125, 7.25, 7.8125], "texture": "#0"},
				"east": {"uv": [7, 7.125, 7.125, 7.8125], "texture": "#0"},
				"south": {"uv": [7.375, 7.125, 7.5, 7.8125], "texture": "#0"},
				"west": {"uv": [7.25, 7.125, 7.375, 7.8125], "texture": "#0"},
				"up": {"uv": [7.25, 7.125, 7.125, 7], "texture": "#0"},
				"down": {"uv": [7.375, 7, 7.25, 7.125], "texture": "#0"}
			}
		},
		{
			"from": [22, -13, 3],
			"to": [24, -2, 5],
			"rotation": {"angle": 0, "axis": "y", "origin": [17, -35, 10]},
			"faces": {
				"north": {"uv": [7.5, 3.8125, 7.625, 4.5], "texture": "#0"},
				"east": {"uv": [7.375, 3.8125, 7.5, 4.5], "texture": "#0"},
				"south": {"uv": [7.75, 3.8125, 7.875, 4.5], "texture": "#0"},
				"west": {"uv": [7.625, 3.8125, 7.75, 4.5], "texture": "#0"},
				"up": {"uv": [7.625, 3.8125, 7.5, 3.6875], "texture": "#0"},
				"down": {"uv": [7.75, 3.6875, 7.625, 3.8125], "texture": "#0"}
			}
		},
		{
			"from": [-8, 11, 3],
			"to": [-6, 22, 5],
			"rotation": {"angle": 0, "axis": "y", "origin": [-13, -11, 10]},
			"faces": {
				"north": {"uv": [2.875, 7.5625, 3, 8.25], "texture": "#0"},
				"east": {"uv": [2.75, 7.5625, 2.875, 8.25], "texture": "#0"},
				"south": {"uv": [3.125, 7.5625, 3.25, 8.25], "texture": "#0"},
				"west": {"uv": [3, 7.5625, 3.125, 8.25], "texture": "#0"},
				"up": {"uv": [3, 7.5625, 2.875, 7.4375], "texture": "#0"},
				"down": {"uv": [3.125, 7.4375, 3, 7.5625], "texture": "#0"}
			}
		},
		{
			"from": [-8, -13, 3],
			"to": [-6, -2, 5],
			"rotation": {"angle": 0, "axis": "y", "origin": [-13, -35, 10]},
			"faces": {
				"north": {"uv": [2.375, 7.5625, 2.5, 8.25], "texture": "#0"},
				"east": {"uv": [2.25, 7.5625, 2.375, 8.25], "texture": "#0"},
				"south": {"uv": [2.625, 7.5625, 2.75, 8.25], "texture": "#0"},
				"west": {"uv": [2.5, 7.5625, 2.625, 8.25], "texture": "#0"},
				"up": {"uv": [2.5, 7.5625, 2.375, 7.4375], "texture": "#0"},
				"down": {"uv": [2.625, 7.4375, 2.5, 7.5625], "texture": "#0"}
			}
		},
		{
			"from": [-8, -13, 11],
			"to": [-6, -2, 13],
			"rotation": {"angle": 0, "axis": "y", "origin": [-13, -35, 18]},
			"faces": {
				"north": {"uv": [6.125, 7.6875, 6.25, 8.375], "texture": "#0"},
				"east": {"uv": [6, 7.6875, 6.125, 8.375], "texture": "#0"},
				"south": {"uv": [6.375, 7.6875, 6.5, 8.375], "texture": "#0"},
				"west": {"uv": [6.25, 7.6875, 6.375, 8.375], "texture": "#0"},
				"up": {"uv": [6.25, 7.6875, 6.125, 7.5625], "texture": "#0"},
				"down": {"uv": [6.375, 7.5625, 6.25, 7.6875], "texture": "#0"}
			}
		},
		{
			"from": [-8, -13, 11],
			"to": [-6, -2, 13],
			"rotation": {"angle": 0, "axis": "y", "origin": [-13, -35, 18]},
			"faces": {
				"north": {"uv": [6.625, 7.6875, 6.75, 8.375], "texture": "#0"},
				"east": {"uv": [6.5, 7.6875, 6.625, 8.375], "texture": "#0"},
				"south": {"uv": [6.875, 7.6875, 7, 8.375], "texture": "#0"},
				"west": {"uv": [6.75, 7.6875, 6.875, 8.375], "texture": "#0"},
				"up": {"uv": [6.75, 7.6875, 6.625, 7.5625], "texture": "#0"},
				"down": {"uv": [6.875, 7.5625, 6.75, 7.6875], "texture": "#0"}
			}
		},
		{
			"from": [-16, -13, 12],
			"to": [-8, -2, 13],
			"rotation": {"angle": 0, "axis": "y", "origin": [-15, -35, 19]},
			"faces": {
				"north": {"uv": [4.1875, 6.3125, 4.6875, 7], "texture": "#0"},
				"east": {"uv": [4.125, 6.3125, 4.1875, 7], "texture": "#0"},
				"south": {"uv": [4.75, 6.3125, 5.25, 7], "texture": "#0"},
				"west": {"uv": [4.6875, 6.3125, 4.75, 7], "texture": "#0"},
				"up": {"uv": [4.6875, 6.3125, 4.1875, 6.25], "texture": "#0"},
				"down": {"uv": [5.1875, 6.25, 4.6875, 6.3125], "texture": "#0"}
			}
		},
		{
			"from": [-16, -13, 3],
			"to": [-8, -2, 4],
			"rotation": {"angle": 0, "axis": "y", "origin": [-15, -35, 10]},
			"faces": {
				"north": {"uv": [5.3125, 6.3125, 5.8125, 7], "texture": "#0"},
				"east": {"uv": [5.25, 6.3125, 5.3125, 7], "texture": "#0"},
				"south": {"uv": [5.875, 6.3125, 6.375, 7], "texture": "#0"},
				"west": {"uv": [5.8125, 6.3125, 5.875, 7], "texture": "#0"},
				"up": {"uv": [5.8125, 6.3125, 5.3125, 6.25], "texture": "#0"},
				"down": {"uv": [6.3125, 6.25, 5.8125, 6.3125], "texture": "#0"}
			}
		},
		{
			"from": [24, 11, 3],
			"to": [32, 22, 4],
			"rotation": {"angle": 0, "axis": "y", "origin": [25, -11, 10]},
			"faces": {
				"north": {"uv": [6.4375, 6.3125, 6.9375, 7], "texture": "#0"},
				"east": {"uv": [6.375, 6.3125, 6.4375, 7], "texture": "#0"},
				"south": {"uv": [7, 6.3125, 7.5, 7], "texture": "#0"},
				"west": {"uv": [6.9375, 6.3125, 7, 7], "texture": "#0"},
				"up": {"uv": [6.9375, 6.3125, 6.4375, 6.25], "texture": "#0"},
				"down": {"uv": [7.4375, 6.25, 6.9375, 6.3125], "texture": "#0"}
			}
		},
		{
			"from": [24, 11, 12],
			"to": [32, 22, 13],
			"rotation": {"angle": 0, "axis": "y", "origin": [25, -11, 19]},
			"faces": {
				"north": {"uv": [6.8125, 0.0625, 7.3125, 0.75], "texture": "#0"},
				"east": {"uv": [6.75, 0.0625, 6.8125, 0.75], "texture": "#0"},
				"south": {"uv": [7.375, 0.0625, 7.875, 0.75], "texture": "#0"},
				"west": {"uv": [7.3125, 0.0625, 7.375, 0.75], "texture": "#0"},
				"up": {"uv": [7.3125, 0.0625, 6.8125, 0], "texture": "#0"},
				"down": {"uv": [7.8125, 0, 7.3125, 0.0625], "texture": "#0"}
			}
		},
		{
			"from": [24, -13, 3],
			"to": [32, -2, 4],
			"rotation": {"angle": 0, "axis": "y", "origin": [25, -35, 10]},
			"faces": {
				"north": {"uv": [2.3125, 6.75, 2.8125, 7.4375], "texture": "#0"},
				"east": {"uv": [2.25, 6.75, 2.3125, 7.4375], "texture": "#0"},
				"south": {"uv": [2.875, 6.75, 3.375, 7.4375], "texture": "#0"},
				"west": {"uv": [2.8125, 6.75, 2.875, 7.4375], "texture": "#0"},
				"up": {"uv": [2.8125, 6.75, 2.3125, 6.6875], "texture": "#0"},
				"down": {"uv": [3.3125, 6.6875, 2.8125, 6.75], "texture": "#0"}
			}
		},
		{
			"from": [24, -13, 12],
			"to": [32, -2, 13],
			"rotation": {"angle": 0, "axis": "y", "origin": [25, -35, 19]},
			"faces": {
				"north": {"uv": [3.4375, 7.0625, 3.9375, 7.75], "texture": "#0"},
				"east": {"uv": [3.375, 7.0625, 3.4375, 7.75], "texture": "#0"},
				"south": {"uv": [4, 7.0625, 4.5, 7.75], "texture": "#0"},
				"west": {"uv": [3.9375, 7.0625, 4, 7.75], "texture": "#0"},
				"up": {"uv": [3.9375, 7.0625, 3.4375, 7], "texture": "#0"},
				"down": {"uv": [4.4375, 7, 3.9375, 7.0625], "texture": "#0"}
			}
		},
		{
			"from": [26, -1, 12],
			"to": [29, 10, 13],
			"rotation": {"angle": 0, "axis": "y", "origin": [24, -23, 19]},
			"faces": {
				"north": {"uv": [7.6875, 1.4375, 7.875, 2.125], "texture": "#0"},
				"east": {"uv": [7.625, 1.4375, 7.6875, 2.125], "texture": "#0"},
				"south": {"uv": [7.9375, 1.4375, 8.125, 2.125], "texture": "#0"},
				"west": {"uv": [7.875, 1.4375, 7.9375, 2.125], "texture": "#0"},
				"up": {"uv": [7.875, 1.4375, 7.6875, 1.375], "texture": "#0"},
				"down": {"uv": [8.0625, 1.375, 7.875, 1.4375], "texture": "#0"}
			}
		},
		{
			"from": [-13, -1, 12],
			"to": [-10, 10, 13],
			"rotation": {"angle": 0, "axis": "y", "origin": [-15, -23, 19]},
			"faces": {
				"north": {"uv": [0.0625, 7.8125, 0.25, 8.5], "texture": "#0"},
				"east": {"uv": [0, 7.8125, 0.0625, 8.5], "texture": "#0"},
				"south": {"uv": [0.3125, 7.8125, 0.5, 8.5], "texture": "#0"},
				"west": {"uv": [0.25, 7.8125, 0.3125, 8.5], "texture": "#0"},
				"up": {"uv": [0.25, 7.8125, 0.0625, 7.75], "texture": "#0"},
				"down": {"uv": [0.4375, 7.75, 0.25, 7.8125], "texture": "#0"}
			}
		},
		{
			"from": [-13, -1, 3],
			"to": [-10, 10, 4],
			"rotation": {"angle": 0, "axis": "y", "origin": [-15, -23, 10]},
			"faces": {
				"north": {"uv": [1.0625, 7.8125, 1.25, 8.5], "texture": "#0"},
				"east": {"uv": [1, 7.8125, 1.0625, 8.5], "texture": "#0"},
				"south": {"uv": [1.3125, 7.8125, 1.5, 8.5], "texture": "#0"},
				"west": {"uv": [1.25, 7.8125, 1.3125, 8.5], "texture": "#0"},
				"up": {"uv": [1.25, 7.8125, 1.0625, 7.75], "texture": "#0"},
				"down": {"uv": [1.4375, 7.75, 1.25, 7.8125], "texture": "#0"}
			}
		},
		{
			"from": [26, -1, 3],
			"to": [29, 10, 4],
			"rotation": {"angle": 0, "axis": "y", "origin": [24, -23, 10]},
			"faces": {
				"north": {"uv": [0.5625, 7.8125, 0.75, 8.5], "texture": "#0"},
				"east": {"uv": [0.5, 7.8125, 0.5625, 8.5], "texture": "#0"},
				"south": {"uv": [0.8125, 7.8125, 1, 8.5], "texture": "#0"},
				"west": {"uv": [0.75, 7.8125, 0.8125, 8.5], "texture": "#0"},
				"up": {"uv": [0.75, 7.8125, 0.5625, 7.75], "texture": "#0"},
				"down": {"uv": [0.9375, 7.75, 0.75, 7.8125], "texture": "#0"}
			}
		},
		{
			"from": [-16, 11, 12],
			"to": [-8, 22, 13],
			"rotation": {"angle": 0, "axis": "y", "origin": [-15, -11, 19]},
			"faces": {
				"north": {"uv": [6.3125, 4.5, 6.8125, 5.1875], "texture": "#0"},
				"east": {"uv": [6.25, 4.5, 6.3125, 5.1875], "texture": "#0"},
				"south": {"uv": [6.875, 4.5, 7.375, 5.1875], "texture": "#0"},
				"west": {"uv": [6.8125, 4.5, 6.875, 5.1875], "texture": "#0"},
				"up": {"uv": [6.8125, 4.5, 6.3125, 4.4375], "texture": "#0"},
				"down": {"uv": [7.3125, 4.4375, 6.8125, 4.5], "texture": "#0"}
			}
		},
		{
			"from": [-16, 11, 3],
			"to": [-8, 22, 4],
			"rotation": {"angle": 0, "axis": "y", "origin": [-15, -11, 10]},
			"faces": {
				"north": {"uv": [6.3125, 3.75, 6.8125, 4.4375], "texture": "#0"},
				"east": {"uv": [6.25, 3.75, 6.3125, 4.4375], "texture": "#0"},
				"south": {"uv": [6.875, 3.75, 7.375, 4.4375], "texture": "#0"},
				"west": {"uv": [6.8125, 3.75, 6.875, 4.4375], "texture": "#0"},
				"up": {"uv": [6.8125, 3.75, 6.3125, 3.6875], "texture": "#0"},
				"down": {"uv": [7.3125, 3.6875, 6.8125, 3.75], "texture": "#0"}
			}
		},
		{
			"from": [-8, 11, 11],
			"to": [-6, 22, 13],
			"rotation": {"angle": 0, "axis": "y", "origin": [-13, -11, 18]},
			"faces": {
				"north": {"uv": [5.625, 7.6875, 5.75, 8.375], "texture": "#0"},
				"east": {"uv": [5.5, 7.6875, 5.625, 8.375], "texture": "#0"},
				"south": {"uv": [5.875, 7.6875, 6, 8.375], "texture": "#0"},
				"west": {"uv": [5.75, 7.6875, 5.875, 8.375], "texture": "#0"},
				"up": {"uv": [5.75, 7.6875, 5.625, 7.5625], "texture": "#0"},
				"down": {"uv": [5.875, 7.5625, 5.75, 7.6875], "texture": "#0"}
			}
		},
		{
			"from": [22, -13, 11],
			"to": [24, -2, 13],
			"rotation": {"angle": 0, "axis": "y", "origin": [17, -35, 18]},
			"faces": {
				"north": {"uv": [5.125, 7.6875, 5.25, 8.375], "texture": "#0"},
				"east": {"uv": [5, 7.6875, 5.125, 8.375], "texture": "#0"},
				"south": {"uv": [5.375, 7.6875, 5.5, 8.375], "texture": "#0"},
				"west": {"uv": [5.25, 7.6875, 5.375, 8.375], "texture": "#0"},
				"up": {"uv": [5.25, 7.6875, 5.125, 7.5625], "texture": "#0"},
				"down": {"uv": [5.375, 7.5625, 5.25, 7.6875], "texture": "#0"}
			}
		},
		{
			"from": [22, 11, 11],
			"to": [24, 22, 13],
			"rotation": {"angle": 0, "axis": "y", "origin": [17, -11, 18]},
			"faces": {
				"north": {"uv": [4.625, 7.6875, 4.75, 8.375], "texture": "#0"},
				"east": {"uv": [4.5, 7.6875, 4.625, 8.375], "texture": "#0"},
				"south": {"uv": [4.875, 7.6875, 5, 8.375], "texture": "#0"},
				"west": {"uv": [4.75, 7.6875, 4.875, 8.375], "texture": "#0"},
				"up": {"uv": [4.75, 7.6875, 4.625, 7.5625], "texture": "#0"},
				"down": {"uv": [4.875, 7.5625, 4.75, 7.6875], "texture": "#0"}
			}
		},
		{
			"from": [-8, -13, 3],
			"to": [-6, -2, 5],
			"rotation": {"angle": 0, "axis": "y", "origin": [-13, -35, 10]},
			"faces": {
				"north": {"uv": [7.625, 7.0625, 7.75, 7.75], "texture": "#0"},
				"east": {"uv": [7.5, 7.0625, 7.625, 7.75], "texture": "#0"},
				"south": {"uv": [7.875, 7.0625, 8, 7.75], "texture": "#0"},
				"west": {"uv": [7.75, 7.0625, 7.875, 7.75], "texture": "#0"},
				"up": {"uv": [7.75, 7.0625, 7.625, 6.9375], "texture": "#0"},
				"down": {"uv": [7.875, 6.9375, 7.75, 7.0625], "texture": "#0"}
			}
		},
		{
			"from": [-8, 11, 3],
			"to": [-6, 22, 5],
			"rotation": {"angle": 0, "axis": "y", "origin": [-13, -11, 10]},
			"faces": {
				"north": {"uv": [7.625, 6.25, 7.75, 6.9375], "texture": "#0"},
				"east": {"uv": [7.5, 6.25, 7.625, 6.9375], "texture": "#0"},
				"south": {"uv": [7.875, 6.25, 8, 6.9375], "texture": "#0"},
				"west": {"uv": [7.75, 6.25, 7.875, 6.9375], "texture": "#0"},
				"up": {"uv": [7.75, 6.25, 7.625, 6.125], "texture": "#0"},
				"down": {"uv": [7.875, 6.125, 7.75, 6.25], "texture": "#0"}
			}
		},
		{
			"from": [22, -13, 3],
			"to": [24, -2, 5],
			"rotation": {"angle": 0, "axis": "y", "origin": [17, -35, 10]},
			"faces": {
				"north": {"uv": [7.625, 5.4375, 7.75, 6.125], "texture": "#0"},
				"east": {"uv": [7.5, 5.4375, 7.625, 6.125], "texture": "#0"},
				"south": {"uv": [7.875, 5.4375, 8, 6.125], "texture": "#0"},
				"west": {"uv": [7.75, 5.4375, 7.875, 6.125], "texture": "#0"},
				"up": {"uv": [7.75, 5.4375, 7.625, 5.3125], "texture": "#0"},
				"down": {"uv": [7.875, 5.3125, 7.75, 5.4375], "texture": "#0"}
			}
		},
		{
			"from": [22, 11, 3],
			"to": [24, 22, 5],
			"rotation": {"angle": 0, "axis": "y", "origin": [17, -11, 10]},
			"faces": {
				"north": {"uv": [7.625, 4.625, 7.75, 5.3125], "texture": "#0"},
				"east": {"uv": [7.5, 4.625, 7.625, 5.3125], "texture": "#0"},
				"south": {"uv": [7.875, 4.625, 8, 5.3125], "texture": "#0"},
				"west": {"uv": [7.75, 4.625, 7.875, 5.3125], "texture": "#0"},
				"up": {"uv": [7.75, 4.625, 7.625, 4.5], "texture": "#0"},
				"down": {"uv": [7.875, 4.5, 7.75, 4.625], "texture": "#0"}
			}
		},
		{
			"from": [-6, -16, -3],
			"to": [22, -15, 3],
			"rotation": {"angle": 0, "axis": "y", "origin": [0, 0, 2]},
			"faces": {
				"north": {"uv": [4.375, 2.6875, 6.125, 2.75], "texture": "#0"},
				"east": {"uv": [4, 2.6875, 4.375, 2.75], "texture": "#0"},
				"south": {"uv": [6.5, 2.6875, 8.25, 2.75], "texture": "#0"},
				"west": {"uv": [6.125, 2.6875, 6.5, 2.75], "texture": "#0"},
				"up": {"uv": [6.125, 2.6875, 4.375, 2.3125], "texture": "#0"},
				"down": {"uv": [7.875, 2.3125, 6.125, 2.6875], "texture": "#0"}
			}
		},
		{
			"from": [22, -16, -3],
			"to": [24, -15, 5],
			"rotation": {"angle": 0, "axis": "y", "origin": [2, 0, 2]},
			"faces": {
				"north": {"uv": [2.75, 5.6875, 2.875, 5.75], "texture": "#0"},
				"east": {"uv": [2.25, 5.6875, 2.75, 5.75], "texture": "#0"},
				"south": {"uv": [3.375, 5.6875, 3.5, 5.75], "texture": "#0"},
				"west": {"uv": [2.875, 5.6875, 3.375, 5.75], "texture": "#0"},
				"up": {"uv": [2.875, 5.6875, 2.75, 5.1875], "texture": "#0"},
				"down": {"uv": [3, 5.1875, 2.875, 5.6875], "texture": "#0"}
			}
		},
		{
			"from": [-8, -16, -3],
			"to": [-6, -15, 5],
			"rotation": {"angle": 0, "axis": "y", "origin": [-28, 0, 2]},
			"faces": {
				"north": {"uv": [6.75, 5.6875, 6.875, 5.75], "texture": "#0"},
				"east": {"uv": [6.25, 5.6875, 6.75, 5.75], "texture": "#0"},
				"south": {"uv": [7.375, 5.6875, 7.5, 5.75], "texture": "#0"},
				"west": {"uv": [6.875, 5.6875, 7.375, 5.75], "texture": "#0"},
				"up": {"uv": [6.875, 5.6875, 6.75, 5.1875], "texture": "#0"},
				"down": {"uv": [7, 5.1875, 6.875, 5.6875], "texture": "#0"}
			}
		},
		{
			"from": [-8, -16, 11],
			"to": [-6, -15, 19],
			"rotation": {"angle": 0, "axis": "y", "origin": [-28, 0, 17]},
			"faces": {
				"north": {"uv": [6.25, 7.5, 6.375, 7.5625], "texture": "#0"},
				"east": {"uv": [5.75, 7.5, 6.25, 7.5625], "texture": "#0"},
				"south": {"uv": [6.875, 7.5, 7, 7.5625], "texture": "#0"},
				"west": {"uv": [6.375, 7.5, 6.875, 7.5625], "texture": "#0"},
				"up": {"uv": [6.375, 7.5, 6.25, 7], "texture": "#0"},
				"down": {"uv": [6.5, 7, 6.375, 7.5], "texture": "#0"}
			}
		},
		{
			"from": [22, -16, 11],
			"to": [24, -15, 19],
			"rotation": {"angle": 0, "axis": "y", "origin": [2, 0, 17]},
			"faces": {
				"north": {"uv": [5, 7.5, 5.125, 7.5625], "texture": "#0"},
				"east": {"uv": [4.5, 7.5, 5, 7.5625], "texture": "#0"},
				"south": {"uv": [5.625, 7.5, 5.75, 7.5625], "texture": "#0"},
				"west": {"uv": [5.125, 7.5, 5.625, 7.5625], "texture": "#0"},
				"up": {"uv": [5.125, 7.5, 5, 7], "texture": "#0"},
				"down": {"uv": [5.25, 7, 5.125, 7.5], "texture": "#0"}
			}
		},
		{
			"from": [23, -2, 11],
			"to": [24, 11, 12],
			"rotation": {"angle": 0, "axis": "y", "origin": [2, 14, 17]},
			"faces": {
				"north": {"uv": [1.5625, 7.8125, 1.625, 8.625], "texture": "#0"},
				"east": {"uv": [1.5, 7.8125, 1.5625, 8.625], "texture": "#0"},
				"south": {"uv": [1.6875, 7.8125, 1.75, 8.625], "texture": "#0"},
				"west": {"uv": [1.625, 7.8125, 1.6875, 8.625], "texture": "#0"},
				"up": {"uv": [1.625, 7.8125, 1.5625, 7.75], "texture": "#0"},
				"down": {"uv": [1.6875, 7.75, 1.625, 7.8125], "texture": "#0"}
			}
		},
		{
			"from": [-8, -2, 11],
			"to": [-7, 11, 12],
			"rotation": {"angle": 0, "axis": "y", "origin": [-29, 14, 17]},
			"faces": {
				"north": {"uv": [1.8125, 7.8125, 1.875, 8.625], "texture": "#0"},
				"east": {"uv": [1.75, 7.8125, 1.8125, 8.625], "texture": "#0"},
				"south": {"uv": [1.9375, 7.8125, 2, 8.625], "texture": "#0"},
				"west": {"uv": [1.875, 7.8125, 1.9375, 8.625], "texture": "#0"},
				"up": {"uv": [1.875, 7.8125, 1.8125, 7.75], "texture": "#0"},
				"down": {"uv": [1.9375, 7.75, 1.875, 7.8125], "texture": "#0"}
			}
		},
		{
			"from": [-8, -15, 11],
			"to": [-7, -13, 12],
			"rotation": {"angle": 0, "axis": "y", "origin": [-29, -10, 17]},
			"faces": {
				"north": {"uv": [4.8125, 2.125, 4.875, 2.25], "texture": "#0"},
				"east": {"uv": [4.75, 2.125, 4.8125, 2.25], "texture": "#0"},
				"south": {"uv": [4.9375, 2.125, 5, 2.25], "texture": "#0"},
				"west": {"uv": [4.875, 2.125, 4.9375, 2.25], "texture": "#0"},
				"up": {"uv": [4.875, 2.125, 4.8125, 2.0625], "texture": "#0"},
				"down": {"uv": [4.9375, 2.0625, 4.875, 2.125], "texture": "#0"}
			}
		},
		{
			"from": [23, -15, 11],
			"to": [24, -13, 12],
			"rotation": {"angle": 0, "axis": "y", "origin": [2, -10, 17]},
			"faces": {
				"north": {"uv": [3.8125, 5.25, 3.875, 5.375], "texture": "#0"},
				"east": {"uv": [3.75, 5.25, 3.8125, 5.375], "texture": "#0"},
				"south": {"uv": [3.9375, 5.25, 4, 5.375], "texture": "#0"},
				"west": {"uv": [3.875, 5.25, 3.9375, 5.375], "texture": "#0"},
				"up": {"uv": [3.875, 5.25, 3.8125, 5.1875], "texture": "#0"},
				"down": {"uv": [3.9375, 5.1875, 3.875, 5.25], "texture": "#0"}
			}
		},
		{
			"from": [-8, 22, 11],
			"to": [-7, 24, 12],
			"rotation": {"angle": 0, "axis": "y", "origin": [-29, 27, 17]},
			"faces": {
				"north": {"uv": [3.5625, 5.25, 3.625, 5.375], "texture": "#0"},
				"east": {"uv": [3.5, 5.25, 3.5625, 5.375], "texture": "#0"},
				"south": {"uv": [3.6875, 5.25, 3.75, 5.375], "texture": "#0"},
				"west": {"uv": [3.625, 5.25, 3.6875, 5.375], "texture": "#0"},
				"up": {"uv": [3.625, 5.25, 3.5625, 5.1875], "texture": "#0"},
				"down": {"uv": [3.6875, 5.1875, 3.625, 5.25], "texture": "#0"}
			}
		},
		{
			"from": [23, 22, 11],
			"to": [24, 24, 12],
			"rotation": {"angle": 0, "axis": "y", "origin": [2, 27, 17]},
			"faces": {
				"north": {"uv": [5.0625, 2.125, 5.125, 2.25], "texture": "#0"},
				"east": {"uv": [5, 2.125, 5.0625, 2.25], "texture": "#0"},
				"south": {"uv": [5.1875, 2.125, 5.25, 2.25], "texture": "#0"},
				"west": {"uv": [5.125, 2.125, 5.1875, 2.25], "texture": "#0"},
				"up": {"uv": [5.125, 2.125, 5.0625, 2.0625], "texture": "#0"},
				"down": {"uv": [5.1875, 2.0625, 5.125, 2.125], "texture": "#0"}
			}
		},
		{
			"from": [23, -15, 4],
			"to": [24, -13, 5],
			"rotation": {"angle": 0, "axis": "y", "origin": [2, -10, 10]},
			"faces": {
				"north": {"uv": [5.5625, 2.125, 5.625, 2.25], "texture": "#0"},
				"east": {"uv": [5.5, 2.125, 5.5625, 2.25], "texture": "#0"},
				"south": {"uv": [5.6875, 2.125, 5.75, 2.25], "texture": "#0"},
				"west": {"uv": [5.625, 2.125, 5.6875, 2.25], "texture": "#0"},
				"up": {"uv": [5.625, 2.125, 5.5625, 2.0625], "texture": "#0"},
				"down": {"uv": [5.6875, 2.0625, 5.625, 2.125], "texture": "#0"}
			}
		},
		{
			"from": [23, -2, 4],
			"to": [24, 11, 5],
			"rotation": {"angle": 0, "axis": "y", "origin": [2, 14, 10]},
			"faces": {
				"north": {"uv": [3.3125, 7.8125, 3.375, 8.625], "texture": "#0"},
				"east": {"uv": [3.25, 7.8125, 3.3125, 8.625], "texture": "#0"},
				"south": {"uv": [3.4375, 7.8125, 3.5, 8.625], "texture": "#0"},
				"west": {"uv": [3.375, 7.8125, 3.4375, 8.625], "texture": "#0"},
				"up": {"uv": [3.375, 7.8125, 3.3125, 7.75], "texture": "#0"},
				"down": {"uv": [3.4375, 7.75, 3.375, 7.8125], "texture": "#0"}
			}
		},
		{
			"from": [23, 22, 4],
			"to": [24, 24, 5],
			"rotation": {"angle": 0, "axis": "y", "origin": [2, 27, 10]},
			"faces": {
				"north": {"uv": [3.8125, 5.4375, 3.875, 5.5625], "texture": "#0"},
				"east": {"uv": [3.75, 5.4375, 3.8125, 5.5625], "texture": "#0"},
				"south": {"uv": [3.9375, 5.4375, 4, 5.5625], "texture": "#0"},
				"west": {"uv": [3.875, 5.4375, 3.9375, 5.5625], "texture": "#0"},
				"up": {"uv": [3.875, 5.4375, 3.8125, 5.375], "texture": "#0"},
				"down": {"uv": [3.9375, 5.375, 3.875, 5.4375], "texture": "#0"}
			}
		},
		{
			"from": [-8, 22, 4],
			"to": [-7, 24, 5],
			"rotation": {"angle": 0, "axis": "y", "origin": [-29, 27, 10]},
			"faces": {
				"north": {"uv": [3.5625, 5.4375, 3.625, 5.5625], "texture": "#0"},
				"east": {"uv": [3.5, 5.4375, 3.5625, 5.5625], "texture": "#0"},
				"south": {"uv": [3.6875, 5.4375, 3.75, 5.5625], "texture": "#0"},
				"west": {"uv": [3.625, 5.4375, 3.6875, 5.5625], "texture": "#0"},
				"up": {"uv": [3.625, 5.4375, 3.5625, 5.375], "texture": "#0"},
				"down": {"uv": [3.6875, 5.375, 3.625, 5.4375], "texture": "#0"}
			}
		},
		{
			"from": [-8, -2, 4],
			"to": [-7, 11, 5],
			"rotation": {"angle": 0, "axis": "y", "origin": [-29, 14, 10]},
			"faces": {
				"north": {"uv": [2.0625, 7.8125, 2.125, 8.625], "texture": "#0"},
				"east": {"uv": [2, 7.8125, 2.0625, 8.625], "texture": "#0"},
				"south": {"uv": [2.1875, 7.8125, 2.25, 8.625], "texture": "#0"},
				"west": {"uv": [2.125, 7.8125, 2.1875, 8.625], "texture": "#0"},
				"up": {"uv": [2.125, 7.8125, 2.0625, 7.75], "texture": "#0"},
				"down": {"uv": [2.1875, 7.75, 2.125, 7.8125], "texture": "#0"}
			}
		},
		{
			"from": [-8, -15, 4],
			"to": [-7, -13, 5],
			"rotation": {"angle": 0, "axis": "y", "origin": [-29, -10, 10]},
			"faces": {
				"north": {"uv": [5.3125, 2.125, 5.375, 2.25], "texture": "#0"},
				"east": {"uv": [5.25, 2.125, 5.3125, 2.25], "texture": "#0"},
				"south": {"uv": [5.4375, 2.125, 5.5, 2.25], "texture": "#0"},
				"west": {"uv": [5.375, 2.125, 5.4375, 2.25], "texture": "#0"},
				"up": {"uv": [5.375, 2.125, 5.3125, 2.0625], "texture": "#0"},
				"down": {"uv": [5.4375, 2.0625, 5.375, 2.125], "texture": "#0"}
			}
		},
		{
			"from": [-6, -16, 13],
			"to": [22, -15, 19],
			"rotation": {"angle": 0, "axis": "y", "origin": [0, 0, 18]},
			"faces": {
				"north": {"uv": [4.375, 3.125, 6.125, 3.1875], "texture": "#0"},
				"east": {"uv": [4, 3.125, 4.375, 3.1875], "texture": "#0"},
				"south": {"uv": [6.5, 3.125, 8.25, 3.1875], "texture": "#0"},
				"west": {"uv": [6.125, 3.125, 6.5, 3.1875], "texture": "#0"},
				"up": {"uv": [6.125, 3.125, 4.375, 2.75], "texture": "#0"},
				"down": {"uv": [7.875, 2.75, 6.125, 3.125], "texture": "#0"}
			}
		},
		{
			"from": [-6, -16, 3],
			"to": [22, -15, 13],
			"rotation": {"angle": 0, "axis": "y", "origin": [0, 0, 12]},
			"faces": {
				"north": {"uv": [0.625, 2.25, 2.375, 2.3125], "texture": "#0"},
				"east": {"uv": [0, 2.25, 0.625, 2.3125], "texture": "#0"},
				"south": {"uv": [3, 2.25, 4.75, 2.3125], "texture": "#0"},
				"west": {"uv": [2.375, 2.25, 3, 2.3125], "texture": "#0"},
				"up": {"uv": [2.375, 2.25, 0.625, 1.625], "texture": "#0"},
				"down": {"uv": [4.125, 1.625, 2.375, 2.25], "texture": "#0"}
			}
		},
		{
			"from": [-16, 24, 5],
			"to": [32, 32, 11],
			"rotation": {"angle": 0, "axis": "y", "origin": [0, 47, 12]},
			"faces": {
				"north": {"uv": [0.375, 0.375, 3.375, 0.875], "texture": "#0"},
				"east": {"uv": [0, 0.375, 0.375, 0.875], "texture": "#0"},
				"south": {"uv": [3.75, 0.375, 6.75, 0.875], "texture": "#0"},
				"west": {"uv": [3.375, 0.375, 3.75, 0.875], "texture": "#0"},
				"up": {"uv": [3.375, 0.375, 0.375, 0], "texture": "#0"},
				"down": {"uv": [6.375, 0, 3.375, 0.375], "texture": "#0"}
			}
		},
		{
			"from": [-16, -16, 5],
			"to": [-6, 24, 11],
			"rotation": {"angle": 0, "axis": "y", "origin": [-19, 0, 12]},
			"faces": {
				"north": {"uv": [2.375, 2.6875, 3, 5.1875], "texture": "#0"},
				"east": {"uv": [2, 2.6875, 2.375, 5.1875], "texture": "#0"},
				"south": {"uv": [3.375, 2.6875, 4, 5.1875], "texture": "#0"},
				"west": {"uv": [3, 2.6875, 3.375, 5.1875], "texture": "#0"},
				"up": {"uv": [3, 2.6875, 2.375, 2.3125], "texture": "#0"},
				"down": {"uv": [3.625, 2.3125, 3, 2.6875], "texture": "#0"}
			}
		}
	],
	"display": {
		"thirdperson_righthand": {
			"scale": [0.05, 0.05, 0.05]
		},
		"thirdperson_lefthand": {
			"scale": [0.05, 0.05, 0.05]
		},
		"firstperson_righthand": {
			"scale": [0.22, 0.22, 0.22]
		},
		"firstperson_lefthand": {
			"scale": [0.22, 0.22, 0.22]
		},
		"ground": {
			"translation": [0, 4.5, 0],
			"scale": [0.17, 0.17, 0.17]
		},
		"gui": {
			"rotation": [21, 17, 0],
			"scale": [0.27, 0.27, 0.27]
		},
		"head": {
			"scale": [0.39, 0.39, 0.39]
		},
		"fixed": {
			"rotation": [-90, 0, 0],
			"translation": [0, 0, -80],
			"scale": [3.34, 3.34, 3.34]
		}
	}
}