{
	"credit": "Made with Blockbench",
	"parent": "minecraft:block/fence_side",
	"texture_size": [28, 28],
	"textures": {
		"texture": "block/oak_planks",
		"particle": "block/texture"
	},
	"elements": [
		{
			"name": "voxel",
			"from": [7.5, 15, 0],
			"to": [7.75, 15.5, 6.25],
			"rotation": {"angle": 0, "axis": "y", "origin": [0, 0, 7.25]},
			"faces": {
				"north": {"uv": [10.85714, 3.42857, 10.85714, 3.42857], "texture": "#texture"},
				"east": {"uv": [7.42857, 3.42857, 10.85714, 3.42857], "texture": "#texture"},
				"south": {"uv": [14.28571, 3.42857, 14.28571, 3.42857], "texture": "#texture"},
				"west": {"uv": [10.85714, 3.42857, 14.28571, 3.42857], "texture": "#texture"},
				"up": {"uv": [10.85714, 3.42857, 10.85714, 0], "texture": "#texture"},
				"down": {"uv": [10.85714, 0, 10.85714, 3.42857], "texture": "#texture"}
			}
		},
		{
			"name": "voxel",
			"from": [7.75, 14.75, 0],
			"to": [8.25, 15.75, 6.25],
			"rotation": {"angle": 0, "axis": "y", "origin": [0, 0, 7.25]},
			"faces": {
				"north": {"uv": [3.42857, 3.42857, 3.42857, 4], "texture": "#texture"},
				"east": {"uv": [0, 3.42857, 3.42857, 4], "texture": "#texture"},
				"south": {"uv": [6.85714, 3.42857, 6.85714, 4], "texture": "#texture"},
				"west": {"uv": [3.42857, 3.42857, 6.85714, 4], "texture": "#texture"},
				"up": {"uv": [3.42857, 3.42857, 3.42857, 0], "texture": "#texture"},
				"down": {"uv": [3.42857, 0, 3.42857, 3.42857], "texture": "#texture"}
			}
		},
		{
			"name": "voxel",
			"from": [8.25, 7.75, 0],
			"to": [8.5, 8.25, 6.25],
			"rotation": {"angle": 0, "axis": "y", "origin": [0, 0, 7.25]},
			"faces": {
				"north": {"uv": [10.85714, 7.42857, 10.85714, 7.42857], "texture": "#texture"},
				"east": {"uv": [7.42857, 7.42857, 10.85714, 7.42857], "texture": "#texture"},
				"south": {"uv": [14.28571, 7.42857, 14.28571, 7.42857], "texture": "#texture"},
				"west": {"uv": [10.85714, 7.42857, 14.28571, 7.42857], "texture": "#texture"},
				"up": {"uv": [10.85714, 7.42857, 10.85714, 4], "texture": "#texture"},
				"down": {"uv": [10.85714, 4, 10.85714, 7.42857], "texture": "#texture"}
			}
		},
		{
			"name": "voxel",
			"from": [8.25, 15, 0],
			"to": [8.5, 15.5, 6.25],
			"rotation": {"angle": 0, "axis": "y", "origin": [0, 7.25, 7.25]},
			"faces": {
				"north": {"uv": [10.85714, 11.42857, 10.85714, 11.42857], "texture": "#texture"},
				"east": {"uv": [7.42857, 11.42857, 10.85714, 11.42857], "texture": "#texture"},
				"south": {"uv": [14.28571, 11.42857, 14.28571, 11.42857], "texture": "#texture"},
				"west": {"uv": [10.85714, 11.42857, 14.28571, 11.42857], "texture": "#texture"},
				"up": {"uv": [10.85714, 11.42857, 10.85714, 8], "texture": "#texture"},
				"down": {"uv": [10.85714, 8, 10.85714, 11.42857], "texture": "#texture"}
			}
		},
		{
			"name": "voxel",
			"from": [7.5, 7.75, 0],
			"to": [7.75, 8.25, 6.25],
			"rotation": {"angle": 0, "axis": "y", "origin": [0, 0, 7.25]},
			"faces": {
				"north": {"uv": [3.42857, 12.57143, 3.42857, 12.57143], "texture": "#texture"},
				"east": {"uv": [0, 12.57143, 3.42857, 12.57143], "texture": "#texture"},
				"south": {"uv": [6.85714, 12.57143, 6.85714, 12.57143], "texture": "#texture"},
				"west": {"uv": [3.42857, 12.57143, 6.85714, 12.57143], "texture": "#texture"},
				"up": {"uv": [3.42857, 12.57143, 3.42857, 9.14286], "texture": "#texture"},
				"down": {"uv": [3.42857, 9.14286, 3.42857, 12.57143], "texture": "#texture"}
			}
		},
		{
			"name": "voxel",
			"from": [7.75, 7.5, 0],
			"to": [8.25, 8.5, 6.25],
			"rotation": {"angle": 0, "axis": "y", "origin": [0, 0, 7.25]},
			"faces": {
				"north": {"uv": [3.42857, 8, 3.42857, 8.57143], "texture": "#texture"},
				"east": {"uv": [0, 8, 3.42857, 8.57143], "texture": "#texture"},
				"south": {"uv": [6.85714, 8, 6.85714, 8.57143], "texture": "#texture"},
				"west": {"uv": [3.42857, 8, 6.85714, 8.57143], "texture": "#texture"},
				"up": {"uv": [3.42857, 8, 3.42857, 4.57143], "texture": "#texture"},
				"down": {"uv": [3.42857, 4.57143, 3.42857, 8], "texture": "#texture"}
			}
		},
		{
			"name": "voxel",
			"from": [8.25, 14.75, 6.25],
			"to": [8.5, 15.75, 7.5],
			"rotation": {"angle": 0, "axis": "y", "origin": [7.25, 14.5, 6.75]},
			"faces": {
				"north": {"uv": [8, 12.57143, 8, 13.14286], "texture": "#texture"},
				"east": {"uv": [7.42857, 12.57143, 8, 13.14286], "texture": "#texture"},
				"south": {"uv": [8.57143, 12.57143, 8.57143, 13.14286], "texture": "#texture"},
				"west": {"uv": [8, 12.57143, 8.57143, 13.14286], "texture": "#texture"},
				"up": {"uv": [8, 12.57143, 8, 12], "texture": "#texture"},
				"down": {"uv": [8, 12, 8, 12.57143], "texture": "#texture"}
			}
		},
		{
			"name": "voxel",
			"from": [8.5, 15, 6.25],
			"to": [8.75, 15.5, 7.5],
			"rotation": {"angle": 0, "axis": "y", "origin": [7.25, 14.5, 6.75]},
			"faces": {
				"north": {"uv": [4, 13.71429, 4, 13.71429], "texture": "#texture"},
				"east": {"uv": [3.42857, 13.71429, 4, 13.71429], "texture": "#texture"},
				"south": {"uv": [4.57143, 13.71429, 4.57143, 13.71429], "texture": "#texture"},
				"west": {"uv": [4, 13.71429, 4.57143, 13.71429], "texture": "#texture"},
				"up": {"uv": [4, 13.71429, 4, 13.14286], "texture": "#texture"},
				"down": {"uv": [4, 13.14286, 4, 13.71429], "texture": "#texture"}
			}
		},
		{
			"name": "voxel",
			"from": [7.75, 14.5, 6.25],
			"to": [8.25, 16, 7.5],
			"rotation": {"angle": 0, "axis": "y", "origin": [7.25, 14.5, 6.75]},
			"faces": {
				"north": {"uv": [9.71429, 12.57143, 9.71429, 13.14286], "texture": "#texture"},
				"east": {"uv": [9.14286, 12.57143, 9.71429, 13.14286], "texture": "#texture"},
				"south": {"uv": [10.28571, 12.57143, 10.28571, 13.14286], "texture": "#texture"},
				"west": {"uv": [9.71429, 12.57143, 10.28571, 13.14286], "texture": "#texture"},
				"up": {"uv": [9.71429, 12.57143, 9.71429, 12], "rotation": 270, "texture": "#texture"},
				"down": {"uv": [9.71429, 12, 9.71429, 12.57143], "rotation": 90, "texture": "#texture"}
			}
		},
		{
			"name": "voxel",
			"from": [7.25, 15, 6.25],
			"to": [7.5, 15.5, 7.5],
			"rotation": {"angle": 0, "axis": "y", "origin": [7.25, 14.5, 6.75]},
			"faces": {
				"north": {"uv": [5.71429, 13.71429, 5.71429, 13.71429], "texture": "#texture"},
				"east": {"uv": [5.14286, 13.71429, 5.71429, 13.71429], "texture": "#texture"},
				"south": {"uv": [6.28571, 13.71429, 6.28571, 13.71429], "texture": "#texture"},
				"west": {"uv": [5.71429, 13.71429, 6.28571, 13.71429], "texture": "#texture"},
				"up": {"uv": [5.71429, 13.71429, 5.71429, 13.14286], "texture": "#texture"},
				"down": {"uv": [5.71429, 13.14286, 5.71429, 13.71429], "texture": "#texture"}
			}
		},
		{
			"name": "voxel",
			"from": [7.5, 14.75, 6.25],
			"to": [7.75, 15.75, 7.5],
			"rotation": {"angle": 0, "axis": "y", "origin": [7.25, 14.5, 6.75]},
			"faces": {
				"north": {"uv": [11.42857, 12.57143, 11.42857, 13.14286], "texture": "#texture"},
				"east": {"uv": [10.85714, 12.57143, 11.42857, 13.14286], "texture": "#texture"},
				"south": {"uv": [12, 12.57143, 12, 13.14286], "texture": "#texture"},
				"west": {"uv": [11.42857, 12.57143, 12, 13.14286], "texture": "#texture"},
				"up": {"uv": [11.42857, 12.57143, 11.42857, 12], "texture": "#texture"},
				"down": {"uv": [11.42857, 12, 11.42857, 12.57143], "texture": "#texture"}
			}
		},
		{
			"name": "voxel",
			"from": [8.25, 7.5, 6.25],
			"to": [8.5, 8.5, 7.5],
			"rotation": {"angle": 0, "axis": "y", "origin": [7.25, 7.25, 6.75]},
			"faces": {
				"north": {"uv": [13.14286, 12.57143, 13.14286, 13.14286], "texture": "#texture"},
				"east": {"uv": [12.57143, 12.57143, 13.14286, 13.14286], "texture": "#texture"},
				"south": {"uv": [13.71429, 12.57143, 13.71429, 13.14286], "texture": "#texture"},
				"west": {"uv": [13.14286, 12.57143, 13.71429, 13.14286], "texture": "#texture"},
				"up": {"uv": [13.14286, 12.57143, 13.14286, 12], "texture": "#texture"},
				"down": {"uv": [13.14286, 12, 13.14286, 12.57143], "texture": "#texture"}
			}
		},
		{
			"name": "voxel",
			"from": [8.5, 7.75, 6.25],
			"to": [8.75, 8.25, 7.5],
			"rotation": {"angle": 0, "axis": "y", "origin": [7.25, 7.25, 6.75]},
			"faces": {
				"north": {"uv": [7.42857, 14.28571, 7.42857, 14.28571], "texture": "#texture"},
				"east": {"uv": [6.85714, 14.28571, 7.42857, 14.28571], "texture": "#texture"},
				"south": {"uv": [8, 14.28571, 8, 14.28571], "texture": "#texture"},
				"west": {"uv": [7.42857, 14.28571, 8, 14.28571], "texture": "#texture"},
				"up": {"uv": [7.42857, 14.28571, 7.42857, 13.71429], "texture": "#texture"},
				"down": {"uv": [7.42857, 13.71429, 7.42857, 14.28571], "texture": "#texture"}
			}
		},
		{
			"name": "voxel",
			"from": [7.75, 7.25, 6.25],
			"to": [8.25, 8.75, 7.5],
			"rotation": {"angle": 0, "axis": "y", "origin": [7.25, 7.25, 6.75]},
			"faces": {
				"north": {"uv": [0.57143, 13.71429, 0.57143, 14.28571], "texture": "#texture"},
				"east": {"uv": [0, 13.71429, 0.57143, 14.28571], "texture": "#texture"},
				"south": {"uv": [1.14286, 13.71429, 1.14286, 14.28571], "texture": "#texture"},
				"west": {"uv": [0.57143, 13.71429, 1.14286, 14.28571], "texture": "#texture"},
				"up": {"uv": [0.57143, 13.71429, 0.57143, 13.14286], "texture": "#texture"},
				"down": {"uv": [0.57143, 13.14286, 0.57143, 13.71429], "texture": "#texture"}
			}
		},
		{
			"name": "voxel",
			"from": [7.25, 7.75, 6.25],
			"to": [7.5, 8.25, 7.5],
			"rotation": {"angle": 0, "axis": "y", "origin": [7.25, 7.25, 6.75]},
			"faces": {
				"north": {"uv": [9.14286, 14.28571, 9.14286, 14.28571], "texture": "#texture"},
				"east": {"uv": [8.57143, 14.28571, 9.14286, 14.28571], "texture": "#texture"},
				"south": {"uv": [9.71429, 14.28571, 9.71429, 14.28571], "texture": "#texture"},
				"west": {"uv": [9.14286, 14.28571, 9.71429, 14.28571], "texture": "#texture"},
				"up": {"uv": [9.14286, 14.28571, 9.14286, 13.71429], "texture": "#texture"},
				"down": {"uv": [9.14286, 13.71429, 9.14286, 14.28571], "texture": "#texture"}
			}
		},
		{
			"name": "voxel",
			"from": [7.5, 7.5, 6.25],
			"to": [7.75, 8.5, 7.5],
			"rotation": {"angle": 0, "axis": "y", "origin": [7.25, 7.25, 6.75]},
			"faces": {
				"north": {"uv": [2.28571, 13.71429, 2.28571, 14.28571], "texture": "#texture"},
				"east": {"uv": [1.71429, 13.71429, 2.28571, 14.28571], "texture": "#texture"},
				"south": {"uv": [2.85714, 13.71429, 2.85714, 14.28571], "texture": "#texture"},
				"west": {"uv": [2.28571, 13.71429, 2.85714, 14.28571], "texture": "#texture"},
				"up": {"uv": [2.28571, 13.71429, 2.28571, 13.14286], "texture": "#texture"},
				"down": {"uv": [2.28571, 13.14286, 2.28571, 13.71429], "texture": "#texture"}
			}
		}
	]
}