{
	"credit": "Made with Blockbench",
	"parent": "minecraft:block/fence_post",
	"texture_size": [48, 48],
	"textures": {
		"texture": "block/oak_planks"
	},
	"elements": [
		{
			"name": "voxel",
			"from": [7.75, 8.75, 8.25],
			"to": [8.25, 14.5, 8.5],
			"faces": {
				"north": {"uv": [4, 0, 4.33333, 2], "texture": "#texture"},
				"east": {"uv": [4, 2.33333, 4.33333, 4.33333], "texture": "#texture"},
				"south": {"uv": [4.66667, 0, 5, 2], "texture": "#texture"},
				"west": {"uv": [4.66667, 2.33333, 5, 4.33333], "texture": "#texture"},
				"up": {"uv": [7, 7.33333, 6.66667, 7], "texture": "#texture"},
				"down": {"uv": [7.66667, 0, 7.33333, 0.33333], "texture": "#texture"}
			}
		},
		{
			"name": "voxel",
			"from": [7.75, 8.75, 7.5],
			"to": [8.25, 14.5, 7.75],
			"faces": {
				"north": {"uv": [4, 4.66667, 4.33333, 6.66667], "texture": "#texture"},
				"east": {"uv": [4.66667, 4.66667, 5, 6.66667], "texture": "#texture"},
				"south": {"uv": [0, 5.33333, 0.33333, 7.33333], "texture": "#texture"},
				"west": {"uv": [5.33333, 0, 5.66667, 2], "texture": "#texture"},
				"up": {"uv": [7.66667, 1, 7.33333, 0.66667], "texture": "#texture"},
				"down": {"uv": [7.66667, 1.33333, 7.33333, 1.66667], "texture": "#texture"}
			}
		},
		{
			"name": "voxel",
			"from": [7.75, 0, 8.25],
			"to": [8.25, 7.25, 8.5],
			"faces": {
				"north": {"uv": [0, 0, 0.33333, 2.33333], "texture": "#texture"},
				"east": {"uv": [0.66667, 0, 1, 2.33333], "texture": "#texture"},
				"south": {"uv": [1.33333, 0, 1.66667, 2.33333], "texture": "#texture"},
				"west": {"uv": [2, 0, 2.33333, 2.33333], "texture": "#texture"},
				"up": {"uv": [7.66667, 2.33333, 7.33333, 2], "texture": "#texture"},
				"down": {"uv": [3, 7.33333, 2.66667, 7.66667], "texture": "#texture"}
			}
		},
		{
			"name": "voxel",
			"from": [7.75, 0, 7.5],
			"to": [8.25, 7.25, 7.75],
			"faces": {
				"north": {"uv": [0, 2.66667, 0.33333, 5], "texture": "#texture"},
				"east": {"uv": [2.66667, 0, 3, 2.33333], "texture": "#texture"},
				"south": {"uv": [0.66667, 2.66667, 1, 5], "texture": "#texture"},
				"west": {"uv": [1.33333, 2.66667, 1.66667, 5], "texture": "#texture"},
				"up": {"uv": [7.66667, 3, 7.33333, 2.66667], "texture": "#texture"},
				"down": {"uv": [3.66667, 7.33333, 3.33333, 7.66667], "texture": "#texture"}
			}
		},
		{
			"name": "voxel",
			"from": [7.5, 8.75, 7.75],
			"to": [8.5, 14.5, 8.25],
			"faces": {
				"north": {"uv": [0.66667, 5.33333, 1, 7.33333], "texture": "#texture"},
				"east": {"uv": [1.33333, 5.33333, 1.66667, 7.33333], "texture": "#texture"},
				"south": {"uv": [2, 5.33333, 2.33333, 7.33333], "texture": "#texture"},
				"west": {"uv": [5.33333, 2.33333, 5.66667, 4.33333], "texture": "#texture"},
				"up": {"uv": [7.66667, 3.66667, 7.33333, 3.33333], "texture": "#texture"},
				"down": {"uv": [7.66667, 4, 7.33333, 4.33333], "texture": "#texture"}
			}
		},
		{
			"name": "voxel",
			"from": [7.5, 0, 7.75],
			"to": [8.5, 7.25, 8.25],
			"faces": {
				"north": {"uv": [2, 2.66667, 2.33333, 5], "texture": "#texture"},
				"east": {"uv": [2.66667, 2.66667, 3, 5], "texture": "#texture"},
				"south": {"uv": [3.33333, 0, 3.66667, 2.33333], "texture": "#texture"},
				"west": {"uv": [3.33333, 2.66667, 3.66667, 5], "texture": "#texture"},
				"up": {"uv": [7.66667, 5, 7.33333, 4.66667], "texture": "#texture"},
				"down": {"uv": [7.66667, 5.33333, 7.33333, 5.66667], "texture": "#texture"}
			}
		},
		{
			"name": "voxel",
			"from": [8.25, 7.75, 8.5],
			"to": [8.5, 8.25, 8.75],
			"rotation": {"angle": 0, "axis": "y", "origin": [7.25, 7.25, 7.25]},
			"faces": {
				"north": {"uv": [7.33333, 6, 7.66667, 6.33333], "texture": "#texture"},
				"east": {"uv": [7.33333, 6.66667, 7.66667, 7], "texture": "#texture"},
				"south": {"uv": [7.33333, 7.33333, 7.66667, 7.66667], "texture": "#texture"},
				"west": {"uv": [0, 7.66667, 0.33333, 8], "texture": "#texture"},
				"up": {"uv": [1, 8, 0.66667, 7.66667], "texture": "#texture"},
				"down": {"uv": [1.66667, 7.66667, 1.33333, 8], "texture": "#texture"}
			}
		},
		{
			"name": "voxel",
			"from": [7.5, 7.75, 8.5],
			"to": [7.75, 8.25, 8.75],
			"rotation": {"angle": 0, "axis": "y", "origin": [7.25, 7.25, 7.25]},
			"faces": {
				"north": {"uv": [2, 7.66667, 2.33333, 8], "texture": "#texture"},
				"east": {"uv": [5.33333, 7.66667, 5.66667, 8], "texture": "#texture"},
				"south": {"uv": [6.66667, 7.66667, 7, 8], "texture": "#texture"},
				"west": {"uv": [8, 0, 8.33333, 0.33333], "texture": "#texture"},
				"up": {"uv": [8.33333, 1, 8, 0.66667], "texture": "#texture"},
				"down": {"uv": [8.33333, 1.33333, 8, 1.66667], "texture": "#texture"}
			}
		},
		{
			"name": "voxel",
			"from": [8.5, 7.75, 8.25],
			"to": [8.75, 8.25, 8.5],
			"rotation": {"angle": 0, "axis": "y", "origin": [7.25, 7.25, 7.25]},
			"faces": {
				"north": {"uv": [8, 2, 8.33333, 2.33333], "texture": "#texture"},
				"east": {"uv": [2.66667, 8, 3, 8.33333], "texture": "#texture"},
				"south": {"uv": [8, 2.66667, 8.33333, 3], "texture": "#texture"},
				"west": {"uv": [3.33333, 8, 3.66667, 8.33333], "texture": "#texture"},
				"up": {"uv": [8.33333, 3.66667, 8, 3.33333], "texture": "#texture"},
				"down": {"uv": [4.33333, 8, 4, 8.33333], "texture": "#texture"}
			}
		},
		{
			"name": "voxel",
			"from": [7.25, 7.75, 8.25],
			"to": [7.5, 8.25, 8.5],
			"rotation": {"angle": 0, "axis": "y", "origin": [7.25, 7.25, 7.25]},
			"faces": {
				"north": {"uv": [8, 4, 8.33333, 4.33333], "texture": "#texture"},
				"east": {"uv": [4.66667, 8, 5, 8.33333], "texture": "#texture"},
				"south": {"uv": [8, 4.66667, 8.33333, 5], "texture": "#texture"},
				"west": {"uv": [8, 5.33333, 8.33333, 5.66667], "texture": "#texture"},
				"up": {"uv": [6.33333, 8.33333, 6, 8], "texture": "#texture"},
				"down": {"uv": [8.33333, 6, 8, 6.33333], "texture": "#texture"}
			}
		},
		{
			"name": "voxel",
			"from": [8.5, 7.75, 7.5],
			"to": [8.75, 8.25, 7.75],
			"rotation": {"angle": 0, "axis": "y", "origin": [7.25, 7.25, 7.25]},
			"faces": {
				"north": {"uv": [8, 6.66667, 8.33333, 7], "texture": "#texture"},
				"east": {"uv": [7.33333, 8, 7.66667, 8.33333], "texture": "#texture"},
				"south": {"uv": [8, 7.33333, 8.33333, 7.66667], "texture": "#texture"},
				"west": {"uv": [8, 8, 8.33333, 8.33333], "texture": "#texture"},
				"up": {"uv": [0.33333, 8.66667, 0, 8.33333], "texture": "#texture"},
				"down": {"uv": [1, 8.33333, 0.66667, 8.66667], "texture": "#texture"}
			}
		},
		{
			"name": "voxel",
			"from": [7.25, 7.75, 7.5],
			"to": [7.5, 8.25, 7.75],
			"rotation": {"angle": 0, "axis": "y", "origin": [7.25, 7.25, 7.25]},
			"faces": {
				"north": {"uv": [1.33333, 8.33333, 1.66667, 8.66667], "texture": "#texture"},
				"east": {"uv": [2, 8.33333, 2.33333, 8.66667], "texture": "#texture"},
				"south": {"uv": [5.33333, 8.33333, 5.66667, 8.66667], "texture": "#texture"},
				"west": {"uv": [6.66667, 8.33333, 7, 8.66667], "texture": "#texture"},
				"up": {"uv": [9, 0.33333, 8.66667, 0], "texture": "#texture"},
				"down": {"uv": [9, 0.66667, 8.66667, 1], "texture": "#texture"}
			}
		},
		{
			"name": "voxel",
			"from": [8.25, 7.75, 7.25],
			"to": [8.5, 8.25, 7.5],
			"rotation": {"angle": 0, "axis": "y", "origin": [7.25, 7.25, 7.25]},
			"faces": {
				"north": {"uv": [8.66667, 1.33333, 9, 1.66667], "texture": "#texture"},
				"east": {"uv": [8.66667, 2, 9, 2.33333], "texture": "#texture"},
				"south": {"uv": [2.66667, 8.66667, 3, 9], "texture": "#texture"},
				"west": {"uv": [8.66667, 2.66667, 9, 3], "texture": "#texture"},
				"up": {"uv": [3.66667, 9, 3.33333, 8.66667], "texture": "#texture"},
				"down": {"uv": [9, 3.33333, 8.66667, 3.66667], "texture": "#texture"}
			}
		},
		{
			"name": "voxel",
			"from": [7.5, 7.75, 7.25],
			"to": [7.75, 8.25, 7.5],
			"rotation": {"angle": 0, "axis": "y", "origin": [7.25, 7.25, 7.25]},
			"faces": {
				"north": {"uv": [4, 8.66667, 4.33333, 9], "texture": "#texture"},
				"east": {"uv": [8.66667, 4, 9, 4.33333], "texture": "#texture"},
				"south": {"uv": [4.66667, 8.66667, 5, 9], "texture": "#texture"},
				"west": {"uv": [8.66667, 4.66667, 9, 5], "texture": "#texture"},
				"up": {"uv": [9, 5.66667, 8.66667, 5.33333], "texture": "#texture"},
				"down": {"uv": [6.33333, 8.66667, 6, 9], "texture": "#texture"}
			}
		},
		{
			"name": "voxel",
			"from": [7.75, 7.5, 8.5],
			"to": [8.25, 8.5, 8.75],
			"rotation": {"angle": 0, "axis": "y", "origin": [7.25, 7.25, 7.25]},
			"faces": {
				"north": {"uv": [8.66667, 6, 9, 6.33333], "texture": "#texture"},
				"east": {"uv": [8.66667, 6.66667, 9, 7], "texture": "#texture"},
				"south": {"uv": [7.33333, 8.66667, 7.66667, 9], "texture": "#texture"},
				"west": {"uv": [8.66667, 7.33333, 9, 7.66667], "texture": "#texture"},
				"up": {"uv": [8.33333, 9, 8, 8.66667], "texture": "#texture"},
				"down": {"uv": [9, 8, 8.66667, 8.33333], "texture": "#texture"}
			}
		},
		{
			"name": "voxel",
			"from": [8.25, 7.5, 8.25],
			"to": [8.5, 8.5, 8.5],
			"rotation": {"angle": 0, "axis": "y", "origin": [7.25, 7.25, 7.25]},
			"faces": {
				"north": {"uv": [8.66667, 8.66667, 9, 9], "texture": "#texture"},
				"east": {"uv": [0, 9, 0.33333, 9.33333], "texture": "#texture"},
				"south": {"uv": [0.66667, 9, 1, 9.33333], "texture": "#texture"},
				"west": {"uv": [1.33333, 9, 1.66667, 9.33333], "texture": "#texture"},
				"up": {"uv": [2.33333, 9.33333, 2, 9], "texture": "#texture"},
				"down": {"uv": [5.66667, 9, 5.33333, 9.33333], "texture": "#texture"}
			}
		},
		{
			"name": "voxel",
			"from": [7.5, 7.5, 8.25],
			"to": [7.75, 8.5, 8.5],
			"rotation": {"angle": 0, "axis": "y", "origin": [7.25, 7.25, 7.25]},
			"faces": {
				"north": {"uv": [6.66667, 9, 7, 9.33333], "texture": "#texture"},
				"east": {"uv": [9.33333, 0, 9.66667, 0.33333], "texture": "#texture"},
				"south": {"uv": [9.33333, 0.66667, 9.66667, 1], "texture": "#texture"},
				"west": {"uv": [9.33333, 1.33333, 9.66667, 1.66667], "texture": "#texture"},
				"up": {"uv": [9.66667, 2.33333, 9.33333, 2], "texture": "#texture"},
				"down": {"uv": [3, 9.33333, 2.66667, 9.66667], "texture": "#texture"}
			}
		},
		{
			"name": "voxel",
			"from": [8.5, 7.5, 7.75],
			"to": [8.75, 8.5, 8.25],
			"rotation": {"angle": 0, "axis": "y", "origin": [7.25, 7.25, 7.25]},
			"faces": {
				"north": {"uv": [9.33333, 2.66667, 9.66667, 3], "texture": "#texture"},
				"east": {"uv": [3.33333, 9.33333, 3.66667, 9.66667], "texture": "#texture"},
				"south": {"uv": [9.33333, 3.33333, 9.66667, 3.66667], "texture": "#texture"},
				"west": {"uv": [4, 9.33333, 4.33333, 9.66667], "texture": "#texture"},
				"up": {"uv": [9.66667, 4.33333, 9.33333, 4], "texture": "#texture"},
				"down": {"uv": [5, 9.33333, 4.66667, 9.66667], "texture": "#texture"}
			}
		},
		{
			"name": "voxel",
			"from": [7.25, 7.5, 7.75],
			"to": [7.5, 8.5, 8.25],
			"rotation": {"angle": 0, "axis": "y", "origin": [7.25, 7.25, 7.25]},
			"faces": {
				"north": {"uv": [9.33333, 4.66667, 9.66667, 5], "texture": "#texture"},
				"east": {"uv": [9.33333, 5.33333, 9.66667, 5.66667], "texture": "#texture"},
				"south": {"uv": [6, 9.33333, 6.33333, 9.66667], "texture": "#texture"},
				"west": {"uv": [9.33333, 6, 9.66667, 6.33333], "texture": "#texture"},
				"up": {"uv": [9.66667, 7, 9.33333, 6.66667], "texture": "#texture"},
				"down": {"uv": [7.66667, 9.33333, 7.33333, 9.66667], "texture": "#texture"}
			}
		},
		{
			"name": "voxel",
			"from": [8.25, 7.5, 7.5],
			"to": [8.5, 8.5, 7.75],
			"rotation": {"angle": 0, "axis": "y", "origin": [7.25, 7.25, 7.25]},
			"faces": {
				"north": {"uv": [9.33333, 7.33333, 9.66667, 7.66667], "texture": "#texture"},
				"east": {"uv": [8, 9.33333, 8.33333, 9.66667], "texture": "#texture"},
				"south": {"uv": [9.33333, 8, 9.66667, 8.33333], "texture": "#texture"},
				"west": {"uv": [8.66667, 9.33333, 9, 9.66667], "texture": "#texture"},
				"up": {"uv": [9.66667, 9, 9.33333, 8.66667], "texture": "#texture"},
				"down": {"uv": [9.66667, 9.33333, 9.33333, 9.66667], "texture": "#texture"}
			}
		},
		{
			"name": "voxel",
			"from": [7.5, 7.5, 7.5],
			"to": [7.75, 8.5, 7.75],
			"rotation": {"angle": 0, "axis": "y", "origin": [7.25, 7.25, 7.25]},
			"faces": {
				"north": {"uv": [0, 9.66667, 0.33333, 10], "texture": "#texture"},
				"east": {"uv": [0.66667, 9.66667, 1, 10], "texture": "#texture"},
				"south": {"uv": [1.33333, 9.66667, 1.66667, 10], "texture": "#texture"},
				"west": {"uv": [2, 9.66667, 2.33333, 10], "texture": "#texture"},
				"up": {"uv": [5.66667, 10, 5.33333, 9.66667], "texture": "#texture"},
				"down": {"uv": [7, 9.66667, 6.66667, 10], "texture": "#texture"}
			}
		},
		{
			"name": "voxel",
			"from": [7.75, 7.5, 7.25],
			"to": [8.25, 8.5, 7.5],
			"rotation": {"angle": 0, "axis": "y", "origin": [7.25, 7.25, 7.25]},
			"faces": {
				"north": {"uv": [10, 0, 10.33333, 0.33333], "texture": "#texture"},
				"east": {"uv": [10, 0.66667, 10.33333, 1], "texture": "#texture"},
				"south": {"uv": [10, 1.33333, 10.33333, 1.66667], "texture": "#texture"},
				"west": {"uv": [10, 2, 10.33333, 2.33333], "texture": "#texture"},
				"up": {"uv": [3, 10.33333, 2.66667, 10], "texture": "#texture"},
				"down": {"uv": [10.33333, 2.66667, 10, 3], "texture": "#texture"}
			}
		},
		{
			"name": "voxel",
			"from": [8.25, 7.25, 7.75],
			"to": [8.5, 8.75, 8.25],
			"rotation": {"angle": 0, "axis": "y", "origin": [7.25, 7.25, 7.25]},
			"faces": {
				"north": {"uv": [2.66667, 5.33333, 3, 6], "texture": "#texture"},
				"east": {"uv": [3.33333, 5.33333, 3.66667, 6], "texture": "#texture"},
				"south": {"uv": [5.33333, 4.66667, 5.66667, 5.33333], "texture": "#texture"},
				"west": {"uv": [5.33333, 5.66667, 5.66667, 6.33333], "texture": "#texture"},
				"up": {"uv": [3.66667, 10.33333, 3.33333, 10], "texture": "#texture"},
				"down": {"uv": [10.33333, 3.33333, 10, 3.66667], "texture": "#texture"}
			}
		},
		{
			"name": "voxel",
			"from": [7.5, 7.25, 7.75],
			"to": [7.75, 8.75, 8.25],
			"rotation": {"angle": 0, "axis": "y", "origin": [7.25, 7.25, 7.25]},
			"faces": {
				"north": {"uv": [6, 0, 6.33333, 0.66667], "texture": "#texture"},
				"east": {"uv": [6, 1, 6.33333, 1.66667], "texture": "#texture"},
				"south": {"uv": [6, 2, 6.33333, 2.66667], "texture": "#texture"},
				"west": {"uv": [6, 3, 6.33333, 3.66667], "texture": "#texture"},
				"up": {"uv": [4.33333, 10.33333, 4, 10], "texture": "#texture"},
				"down": {"uv": [10.33333, 4, 10, 4.33333], "texture": "#texture"}
			}
		},
		{
			"name": "voxel",
			"from": [7.75, 7.25, 7.5],
			"to": [8.25, 8.75, 8.5],
			"rotation": {"angle": 0, "axis": "y", "origin": [7.25, 7.25, 7.25]},
			"faces": {
				"north": {"uv": [6, 4, 6.33333, 4.66667], "texture": "#texture"},
				"east": {"uv": [6, 5, 6.33333, 5.66667], "texture": "#texture"},
				"south": {"uv": [6, 6, 6.33333, 6.66667], "texture": "#texture"},
				"west": {"uv": [2.66667, 6.33333, 3, 7], "texture": "#texture"},
				"up": {"uv": [5, 10.33333, 4.66667, 10], "texture": "#texture"},
				"down": {"uv": [10.33333, 4.66667, 10, 5], "texture": "#texture"}
			}
		},
		{
			"name": "voxel",
			"from": [7.75, 14.5, 7.5],
			"to": [8.25, 16, 8.5],
			"rotation": {"angle": 0, "axis": "y", "origin": [7.25, 14.5, 7.25]},
			"faces": {
				"north": {"uv": [3.33333, 6.33333, 3.66667, 7], "texture": "#texture"},
				"east": {"uv": [6.66667, 0, 7, 0.66667], "texture": "#texture"},
				"south": {"uv": [6.66667, 1, 7, 1.66667], "texture": "#texture"},
				"west": {"uv": [6.66667, 2, 7, 2.66667], "texture": "#texture"},
				"up": {"uv": [10.33333, 5.66667, 10, 5.33333], "texture": "#texture"},
				"down": {"uv": [6.33333, 10, 6, 10.33333], "texture": "#texture"}
			}
		},
		{
			"name": "voxel",
			"from": [7.5, 14.5, 7.75],
			"to": [7.75, 16, 8.25],
			"rotation": {"angle": 0, "axis": "y", "origin": [7.25, 14.5, 7.25]},
			"faces": {
				"north": {"uv": [6.66667, 3, 7, 3.66667], "texture": "#texture"},
				"east": {"uv": [6.66667, 4, 7, 4.66667], "texture": "#texture"},
				"south": {"uv": [6.66667, 5, 7, 5.66667], "texture": "#texture"},
				"west": {"uv": [5.33333, 6.66667, 5.66667, 7.33333], "texture": "#texture"},
				"up": {"uv": [10.33333, 6.33333, 10, 6], "texture": "#texture"},
				"down": {"uv": [10.33333, 6.66667, 10, 7], "texture": "#texture"}
			}
		},
		{
			"name": "voxel",
			"from": [8.25, 14.5, 7.75],
			"to": [8.5, 16, 8.25],
			"rotation": {"angle": 0, "axis": "y", "origin": [7.25, 14.5, 7.25]},
			"faces": {
				"north": {"uv": [6.66667, 6, 7, 6.66667], "texture": "#texture"},
				"east": {"uv": [4, 7, 4.33333, 7.66667], "texture": "#texture"},
				"south": {"uv": [4.66667, 7, 5, 7.66667], "texture": "#texture"},
				"west": {"uv": [6, 7, 6.33333, 7.66667], "texture": "#texture"},
				"up": {"uv": [7.66667, 10.33333, 7.33333, 10], "texture": "#texture"},
				"down": {"uv": [10.33333, 7.33333, 10, 7.66667], "texture": "#texture"}
			}
		},
		{
			"name": "voxel",
			"from": [7.75, 14.75, 7.25],
			"to": [8.25, 15.75, 7.5],
			"rotation": {"angle": 0, "axis": "y", "origin": [7.25, 14.5, 7.25]},
			"faces": {
				"north": {"uv": [8, 10, 8.33333, 10.33333], "texture": "#texture"},
				"east": {"uv": [10, 8, 10.33333, 8.33333], "texture": "#texture"},
				"south": {"uv": [8.66667, 10, 9, 10.33333], "texture": "#texture"},
				"west": {"uv": [10, 8.66667, 10.33333, 9], "texture": "#texture"},
				"up": {"uv": [9.66667, 10.33333, 9.33333, 10], "texture": "#texture"},
				"down": {"uv": [10.33333, 9.33333, 10, 9.66667], "texture": "#texture"}
			}
		},
		{
			"name": "voxel",
			"from": [7.5, 14.75, 7.5],
			"to": [7.75, 15.75, 7.75],
			"rotation": {"angle": 0, "axis": "y", "origin": [7.25, 14.5, 7.25]},
			"faces": {
				"north": {"uv": [10, 10, 10.33333, 10.33333], "texture": "#texture"},
				"east": {"uv": [0, 10.33333, 0.33333, 10.66667], "texture": "#texture"},
				"south": {"uv": [0.66667, 10.33333, 1, 10.66667], "texture": "#texture"},
				"west": {"uv": [1.33333, 10.33333, 1.66667, 10.66667], "texture": "#texture"},
				"up": {"uv": [2.33333, 10.66667, 2, 10.33333], "texture": "#texture"},
				"down": {"uv": [5.66667, 10.33333, 5.33333, 10.66667], "texture": "#texture"}
			}
		},
		{
			"name": "voxel",
			"from": [8.25, 14.75, 7.5],
			"to": [8.5, 15.75, 7.75],
			"rotation": {"angle": 0, "axis": "y", "origin": [7.25, 14.5, 7.25]},
			"faces": {
				"north": {"uv": [6.66667, 10.33333, 7, 10.66667], "texture": "#texture"},
				"east": {"uv": [10.66667, 0, 11, 0.33333], "texture": "#texture"},
				"south": {"uv": [10.66667, 0.66667, 11, 1], "texture": "#texture"},
				"west": {"uv": [10.66667, 1.33333, 11, 1.66667], "texture": "#texture"},
				"up": {"uv": [11, 2.33333, 10.66667, 2], "texture": "#texture"},
				"down": {"uv": [3, 10.66667, 2.66667, 11], "texture": "#texture"}
			}
		},
		{
			"name": "voxel",
			"from": [7.25, 14.75, 7.75],
			"to": [7.5, 15.75, 8.25],
			"rotation": {"angle": 0, "axis": "y", "origin": [7.25, 14.5, 7.25]},
			"faces": {
				"north": {"uv": [10.66667, 2.66667, 11, 3], "texture": "#texture"},
				"east": {"uv": [3.33333, 10.66667, 3.66667, 11], "texture": "#texture"},
				"south": {"uv": [10.66667, 3.33333, 11, 3.66667], "texture": "#texture"},
				"west": {"uv": [4, 10.66667, 4.33333, 11], "texture": "#texture"},
				"up": {"uv": [11, 4.33333, 10.66667, 4], "texture": "#texture"},
				"down": {"uv": [5, 10.66667, 4.66667, 11], "texture": "#texture"}
			}
		},
		{
			"name": "voxel",
			"from": [8.5, 14.75, 7.75],
			"to": [8.75, 15.75, 8.25],
			"rotation": {"angle": 0, "axis": "y", "origin": [7.25, 14.5, 7.25]},
			"faces": {
				"north": {"uv": [10.66667, 4.66667, 11, 5], "texture": "#texture"},
				"east": {"uv": [10.66667, 5.33333, 11, 5.66667], "texture": "#texture"},
				"south": {"uv": [6, 10.66667, 6.33333, 11], "texture": "#texture"},
				"west": {"uv": [10.66667, 6, 11, 6.33333], "texture": "#texture"},
				"up": {"uv": [11, 7, 10.66667, 6.66667], "texture": "#texture"},
				"down": {"uv": [7.66667, 10.66667, 7.33333, 11], "texture": "#texture"}
			}
		},
		{
			"name": "voxel",
			"from": [7.5, 14.75, 8.25],
			"to": [7.75, 15.75, 8.5],
			"rotation": {"angle": 0, "axis": "y", "origin": [7.25, 14.5, 7.25]},
			"faces": {
				"north": {"uv": [10.66667, 7.33333, 11, 7.66667], "texture": "#texture"},
				"east": {"uv": [8, 10.66667, 8.33333, 11], "texture": "#texture"},
				"south": {"uv": [10.66667, 8, 11, 8.33333], "texture": "#texture"},
				"west": {"uv": [8.66667, 10.66667, 9, 11], "texture": "#texture"},
				"up": {"uv": [11, 9, 10.66667, 8.66667], "texture": "#texture"},
				"down": {"uv": [9.66667, 10.66667, 9.33333, 11], "texture": "#texture"}
			}
		},
		{
			"name": "voxel",
			"from": [8.25, 14.75, 8.25],
			"to": [8.5, 15.75, 8.5],
			"rotation": {"angle": 0, "axis": "y", "origin": [7.25, 14.5, 7.25]},
			"faces": {
				"north": {"uv": [10.66667, 9.33333, 11, 9.66667], "texture": "#texture"},
				"east": {"uv": [10, 10.66667, 10.33333, 11], "texture": "#texture"},
				"south": {"uv": [10.66667, 10, 11, 10.33333], "texture": "#texture"},
				"west": {"uv": [10.66667, 10.66667, 11, 11], "texture": "#texture"},
				"up": {"uv": [0.33333, 11.33333, 0, 11], "texture": "#texture"},
				"down": {"uv": [1, 11, 0.66667, 11.33333], "texture": "#texture"}
			}
		},
		{
			"name": "voxel",
			"from": [7.75, 14.75, 8.5],
			"to": [8.25, 15.75, 8.75],
			"rotation": {"angle": 0, "axis": "y", "origin": [7.25, 14.5, 7.25]},
			"faces": {
				"north": {"uv": [1.33333, 11, 1.66667, 11.33333], "texture": "#texture"},
				"east": {"uv": [2, 11, 2.33333, 11.33333], "texture": "#texture"},
				"south": {"uv": [5.33333, 11, 5.66667, 11.33333], "texture": "#texture"},
				"west": {"uv": [6.66667, 11, 7, 11.33333], "texture": "#texture"},
				"up": {"uv": [11.66667, 0.33333, 11.33333, 0], "texture": "#texture"},
				"down": {"uv": [11.66667, 0.66667, 11.33333, 1], "texture": "#texture"}
			}
		},
		{
			"name": "voxel",
			"from": [7.5, 15, 7.25],
			"to": [7.75, 15.5, 7.5],
			"rotation": {"angle": 0, "axis": "y", "origin": [7.25, 14.5, 7.25]},
			"faces": {
				"north": {"uv": [11.33333, 1.33333, 11.66667, 1.66667], "texture": "#texture"},
				"east": {"uv": [11.33333, 2, 11.66667, 2.33333], "texture": "#texture"},
				"south": {"uv": [2.66667, 11.33333, 3, 11.66667], "texture": "#texture"},
				"west": {"uv": [11.33333, 2.66667, 11.66667, 3], "texture": "#texture"},
				"up": {"uv": [3.66667, 11.66667, 3.33333, 11.33333], "texture": "#texture"},
				"down": {"uv": [11.66667, 3.33333, 11.33333, 3.66667], "texture": "#texture"}
			}
		},
		{
			"name": "voxel",
			"from": [8.25, 15, 7.25],
			"to": [8.5, 15.5, 7.5],
			"rotation": {"angle": 0, "axis": "y", "origin": [7.25, 14.5, 7.25]},
			"faces": {
				"north": {"uv": [4, 11.33333, 4.33333, 11.66667], "texture": "#texture"},
				"east": {"uv": [11.33333, 4, 11.66667, 4.33333], "texture": "#texture"},
				"south": {"uv": [4.66667, 11.33333, 5, 11.66667], "texture": "#texture"},
				"west": {"uv": [11.33333, 4.66667, 11.66667, 5], "texture": "#texture"},
				"up": {"uv": [11.66667, 5.66667, 11.33333, 5.33333], "texture": "#texture"},
				"down": {"uv": [6.33333, 11.33333, 6, 11.66667], "texture": "#texture"}
			}
		},
		{
			"name": "voxel",
			"from": [7.25, 15, 7.5],
			"to": [7.5, 15.5, 7.75],
			"rotation": {"angle": 0, "axis": "y", "origin": [7.25, 14.5, 7.25]},
			"faces": {
				"north": {"uv": [11.33333, 6, 11.66667, 6.33333], "texture": "#texture"},
				"east": {"uv": [11.33333, 6.66667, 11.66667, 7], "texture": "#texture"},
				"south": {"uv": [7.33333, 11.33333, 7.66667, 11.66667], "texture": "#texture"},
				"west": {"uv": [11.33333, 7.33333, 11.66667, 7.66667], "texture": "#texture"},
				"up": {"uv": [8.33333, 11.66667, 8, 11.33333], "texture": "#texture"},
				"down": {"uv": [11.66667, 8, 11.33333, 8.33333], "texture": "#texture"}
			}
		},
		{
			"name": "voxel",
			"from": [8.5, 15, 7.5],
			"to": [8.75, 15.5, 7.75],
			"rotation": {"angle": 0, "axis": "y", "origin": [7.25, 14.5, 7.25]},
			"faces": {
				"north": {"uv": [8.66667, 11.33333, 9, 11.66667], "texture": "#texture"},
				"east": {"uv": [11.33333, 8.66667, 11.66667, 9], "texture": "#texture"},
				"south": {"uv": [9.33333, 11.33333, 9.66667, 11.66667], "texture": "#texture"},
				"west": {"uv": [11.33333, 9.33333, 11.66667, 9.66667], "texture": "#texture"},
				"up": {"uv": [10.33333, 11.66667, 10, 11.33333], "texture": "#texture"},
				"down": {"uv": [11.66667, 10, 11.33333, 10.33333], "texture": "#texture"}
			}
		},
		{
			"name": "voxel",
			"from": [7.25, 15, 8.25],
			"to": [7.5, 15.5, 8.5],
			"rotation": {"angle": 0, "axis": "y", "origin": [7.25, 14.5, 7.25]},
			"faces": {
				"north": {"uv": [10.66667, 11.33333, 11, 11.66667], "texture": "#texture"},
				"east": {"uv": [11.33333, 10.66667, 11.66667, 11], "texture": "#texture"},
				"south": {"uv": [11.33333, 11.33333, 11.66667, 11.66667], "texture": "#texture"},
				"west": {"uv": [0, 11.66667, 0.33333, 12], "texture": "#texture"},
				"up": {"uv": [1, 12, 0.66667, 11.66667], "texture": "#texture"},
				"down": {"uv": [1.66667, 11.66667, 1.33333, 12], "texture": "#texture"}
			}
		},
		{
			"name": "voxel",
			"from": [8.5, 15, 8.25],
			"to": [8.75, 15.5, 8.5],
			"rotation": {"angle": 0, "axis": "y", "origin": [7.25, 14.5, 7.25]},
			"faces": {
				"north": {"uv": [2, 11.66667, 2.33333, 12], "texture": "#texture"},
				"east": {"uv": [5.33333, 11.66667, 5.66667, 12], "texture": "#texture"},
				"south": {"uv": [6.66667, 11.66667, 7, 12], "texture": "#texture"},
				"west": {"uv": [12, 0, 12.33333, 0.33333], "texture": "#texture"},
				"up": {"uv": [12.33333, 1, 12, 0.66667], "texture": "#texture"},
				"down": {"uv": [12.33333, 1.33333, 12, 1.66667], "texture": "#texture"}
			}
		},
		{
			"name": "voxel",
			"from": [7.5, 15, 8.5],
			"to": [7.75, 15.5, 8.75],
			"rotation": {"angle": 0, "axis": "y", "origin": [7.25, 14.5, 7.25]},
			"faces": {
				"north": {"uv": [12, 2, 12.33333, 2.33333], "texture": "#texture"},
				"east": {"uv": [2.66667, 12, 3, 12.33333], "texture": "#texture"},
				"south": {"uv": [12, 2.66667, 12.33333, 3], "texture": "#texture"},
				"west": {"uv": [3.33333, 12, 3.66667, 12.33333], "texture": "#texture"},
				"up": {"uv": [12.33333, 3.66667, 12, 3.33333], "texture": "#texture"},
				"down": {"uv": [4.33333, 12, 4, 12.33333], "texture": "#texture"}
			}
		},
		{
			"name": "voxel",
			"from": [8.25, 15, 8.5],
			"to": [8.5, 15.5, 8.75],
			"rotation": {"angle": 0, "axis": "y", "origin": [7.25, 14.5, 7.25]},
			"faces": {
				"north": {"uv": [12, 4, 12.33333, 4.33333], "texture": "#texture"},
				"east": {"uv": [4.66667, 12, 5, 12.33333], "texture": "#texture"},
				"south": {"uv": [12, 4.66667, 12.33333, 5], "texture": "#texture"},
				"west": {"uv": [12, 5.33333, 12.33333, 5.66667], "texture": "#texture"},
				"up": {"uv": [6.33333, 12.33333, 6, 12], "texture": "#texture"},
				"down": {"uv": [12.33333, 6, 12, 6.33333], "texture": "#texture"}
			}
		}
	]
}