{
	"credit": "Made with Blockbench",
	"texture_size": [32, 32],
	"textures": {
		"0": "block/redstone_torch",
		"particle": "block/redstone_torch"
	},
	"elements": [
		{
			"from": [7.75, 0.25, 7.75],
			"to": [8.25, 10, 8.25],
			"rotation": {"angle": 0, "axis": "y", "origin": [7, 8.25, 7]},
			"faces": {
				"north": {"uv": [0, 0, 0.25, 4.875], "texture": "#0"},
				"east": {"uv": [0.5, 0, 0.75, 4.875], "texture": "#0"},
				"south": {"uv": [1, 0, 1.25, 4.875], "texture": "#0"},
				"west": {"uv": [1.5, 0, 1.75, 4.875], "texture": "#0"},
				"up": {"uv": [7.25, 5.25, 7, 5], "texture": "#0"},
				"down": {"uv": [5.75, 7, 5.5, 7.25], "texture": "#0"}
			}
		},
		{
			"from": [7.75, 8.25, 7.25],
			"to": [8.25, 9.5, 7.5],
			"rotation": {"angle": 0, "axis": "y", "origin": [7, 8.25, 6.25]},
			"faces": {
				"north": {"uv": [4.5, 5, 4.75, 5.625], "texture": "#0"},
				"east": {"uv": [6, 0, 6.125, 0.625], "texture": "#0"},
				"south": {"uv": [5, 5, 5.25, 5.625], "texture": "#0"},
				"west": {"uv": [6, 1, 6.125, 1.625], "texture": "#0"},
				"up": {"uv": [7.75, 1.125, 7.5, 1], "texture": "#0"},
				"down": {"uv": [7.75, 1.5, 7.5, 1.625], "texture": "#0"}
			}
		},
		{
			"from": [7.75, 8.25, 8.5],
			"to": [8.25, 9.5, 8.75],
			"rotation": {"angle": 0, "axis": "y", "origin": [7, 8.25, 7.5]},
			"faces": {
				"north": {"uv": [5.5, 0, 5.75, 0.625], "texture": "#0"},
				"east": {"uv": [6, 2, 6.125, 2.625], "texture": "#0"},
				"south": {"uv": [5.5, 1, 5.75, 1.625], "texture": "#0"},
				"west": {"uv": [6, 3, 6.125, 3.625], "texture": "#0"},
				"up": {"uv": [7.75, 2.125, 7.5, 2], "texture": "#0"},
				"down": {"uv": [7.75, 2.5, 7.5, 2.625], "texture": "#0"}
			}
		},
		{
			"from": [8.25, 8.25, 7.5],
			"to": [8.5, 9.5, 7.75],
			"rotation": {"angle": 0, "axis": "y", "origin": [7.5, 8.25, 6.5]},
			"faces": {
				"north": {"uv": [5.5, 6, 5.625, 6.625], "texture": "#0"},
				"east": {"uv": [6, 6, 6.125, 6.625], "texture": "#0"},
				"south": {"uv": [6.5, 0, 6.625, 0.625], "texture": "#0"},
				"west": {"uv": [6.5, 1, 6.625, 1.625], "texture": "#0"},
				"up": {"uv": [7.625, 5.625, 7.5, 5.5], "texture": "#0"},
				"down": {"uv": [6.125, 7.5, 6, 7.625], "texture": "#0"}
			}
		},
		{
			"from": [8.25, 8.25, 8.25],
			"to": [8.5, 9.5, 8.5],
			"rotation": {"angle": 0, "axis": "y", "origin": [7.5, 8.25, 7.25]},
			"faces": {
				"north": {"uv": [6, 4, 6.125, 4.625], "texture": "#0"},
				"east": {"uv": [4.5, 6, 4.625, 6.625], "texture": "#0"},
				"south": {"uv": [5, 6, 5.125, 6.625], "texture": "#0"},
				"west": {"uv": [6, 5, 6.125, 5.625], "texture": "#0"},
				"up": {"uv": [7.625, 5.125, 7.5, 5], "texture": "#0"},
				"down": {"uv": [5.625, 7.5, 5.5, 7.625], "texture": "#0"}
			}
		},
		{
			"from": [7.5, 8.25, 7.5],
			"to": [7.75, 9.5, 7.75],
			"rotation": {"angle": 0, "axis": "y", "origin": [6.75, 8.25, 6.5]},
			"faces": {
				"north": {"uv": [6.5, 6, 6.625, 6.625], "texture": "#0"},
				"east": {"uv": [7, 0, 7.125, 0.625], "texture": "#0"},
				"south": {"uv": [7, 1, 7.125, 1.625], "texture": "#0"},
				"west": {"uv": [7, 2, 7.125, 2.625], "texture": "#0"},
				"up": {"uv": [7.625, 6.625, 7.5, 6.5], "texture": "#0"},
				"down": {"uv": [7.125, 7.5, 7, 7.625], "texture": "#0"}
			}
		},
		{
			"from": [7.5, 8.25, 8.25],
			"to": [7.75, 9.5, 8.5],
			"rotation": {"angle": 0, "axis": "y", "origin": [6.75, 8.25, 7.25]},
			"faces": {
				"north": {"uv": [6.5, 2, 6.625, 2.625], "texture": "#0"},
				"east": {"uv": [6.5, 3, 6.625, 3.625], "texture": "#0"},
				"south": {"uv": [6.5, 4, 6.625, 4.625], "texture": "#0"},
				"west": {"uv": [6.5, 5, 6.625, 5.625], "texture": "#0"},
				"up": {"uv": [7.625, 6.125, 7.5, 6], "texture": "#0"},
				"down": {"uv": [6.625, 7.5, 6.5, 7.625], "texture": "#0"}
			}
		},
		{
			"from": [7.25, 8.25, 7.75],
			"to": [7.5, 9.5, 8.25],
			"rotation": {"angle": 0, "axis": "y", "origin": [6.5, 8.25, 7]},
			"faces": {
				"north": {"uv": [7, 3, 7.125, 3.625], "texture": "#0"},
				"east": {"uv": [5.5, 2, 5.75, 2.625], "texture": "#0"},
				"south": {"uv": [7, 4, 7.125, 4.625], "texture": "#0"},
				"west": {"uv": [5.5, 3, 5.75, 3.625], "texture": "#0"},
				"up": {"uv": [7.625, 3.25, 7.5, 3], "texture": "#0"},
				"down": {"uv": [7.625, 3.5, 7.5, 3.75], "texture": "#0"}
			}
		},
		{
			"from": [8.5, 8.25, 7.75],
			"to": [8.75, 9.5, 8.25],
			"rotation": {"angle": 0, "axis": "y", "origin": [7.75, 8.25, 7]},
			"faces": {
				"north": {"uv": [4.5, 7, 4.625, 7.625], "texture": "#0"},
				"east": {"uv": [5.5, 4, 5.75, 4.625], "texture": "#0"},
				"south": {"uv": [5, 7, 5.125, 7.625], "texture": "#0"},
				"west": {"uv": [5.5, 5, 5.75, 5.625], "texture": "#0"},
				"up": {"uv": [7.625, 4.25, 7.5, 4], "texture": "#0"},
				"down": {"uv": [7.625, 4.5, 7.5, 4.75], "texture": "#0"}
			}
		},
		{
			"from": [8.25, 0, 7.75],
			"to": [8.5, 9.75, 8.25],
			"rotation": {"angle": 0, "axis": "y", "origin": [7, 8, 7]},
			"faces": {
				"north": {"uv": [0.5, 5, 0.625, 9.875], "texture": "#0"},
				"east": {"uv": [2, 0, 2.25, 4.875], "texture": "#0"},
				"south": {"uv": [1, 5, 1.125, 9.875], "texture": "#0"},
				"west": {"uv": [2.5, 0, 2.75, 4.875], "texture": "#0"},
				"up": {"uv": [7.125, 5.75, 7, 5.5], "texture": "#0"},
				"down": {"uv": [6.125, 7, 6, 7.25], "texture": "#0"}
			}
		},
		{
			"from": [7.5, 0, 7.75],
			"to": [7.75, 9.75, 8.25],
			"rotation": {"angle": 0, "axis": "y", "origin": [6.25, 8, 7]},
			"faces": {
				"north": {"uv": [1.5, 5, 1.625, 9.875], "texture": "#0"},
				"east": {"uv": [3, 0, 3.25, 4.875], "texture": "#0"},
				"south": {"uv": [2, 5, 2.125, 9.875], "texture": "#0"},
				"west": {"uv": [3.5, 0, 3.75, 4.875], "texture": "#0"},
				"up": {"uv": [7.125, 6.25, 7, 6], "texture": "#0"},
				"down": {"uv": [6.625, 7, 6.5, 7.25], "texture": "#0"}
			}
		},
		{
			"from": [7.75, 0, 8.25],
			"to": [8.25, 9.75, 8.5],
			"rotation": {"angle": 0, "axis": "y", "origin": [6.5, 8, 7.25]},
			"faces": {
				"north": {"uv": [4, 0, 4.25, 4.875], "texture": "#0"},
				"east": {"uv": [2.5, 5, 2.625, 9.875], "texture": "#0"},
				"south": {"uv": [4.5, 0, 4.75, 4.875], "texture": "#0"},
				"west": {"uv": [3, 5, 3.125, 9.875], "texture": "#0"},
				"up": {"uv": [7.25, 6.625, 7, 6.5], "texture": "#0"},
				"down": {"uv": [7.25, 7, 7, 7.125], "texture": "#0"}
			}
		},
		{
			"from": [7.75, 0, 7.5],
			"to": [8.25, 9.75, 7.75],
			"rotation": {"angle": 0, "axis": "y", "origin": [6.5, 8, 6.5]},
			"faces": {
				"north": {"uv": [0, 5, 0.25, 9.875], "texture": "#0"},
				"east": {"uv": [3.5, 5, 3.625, 9.875], "texture": "#0"},
				"south": {"uv": [5, 0, 5.25, 4.875], "texture": "#0"},
				"west": {"uv": [4, 5, 4.125, 9.875], "texture": "#0"},
				"up": {"uv": [7.75, 0.125, 7.5, 0], "texture": "#0"},
				"down": {"uv": [7.75, 0.5, 7.5, 0.625], "texture": "#0"}
			}
		}
	]
}